[03/Oct/2026 10:59:41] "GET /api/users/contracts/ HTTP/1.1" 200 13955
[03/Oct/2026 10:59:41] "GET /api/users/contracts/ HTTP/1.1" 200 13955
[03/Oct/2026 10:59:41] "GET /api/users/contracts/ HTTP/1.1" 200 13955
[03/Oct/2026 10:59:42] "GET /api/users/contracts/ HTTP/1.1" 200 13955
[03/Oct/2026 10:59:42] "GET /api/cart/ HTTP/1.1" 200 3265672
[03/Oct/2026 10:59:42] "GET /api/blockchain/verify/?code=AF-AGR-45B70BF44B88 HTTP/1.1" 200 141
[03/Oct/2026 10:59:43] "GET /api/users/contracts/ HTTP/1.1" 200 13955
[03/Oct/2026 10:59:43] "GET /api/blockchain/verify/?code=AF-SALE-52F5BFD3D340 HTTP/1.1" 200 135
[03/Oct/2026 10:59:44] "GET /api/commissions/requests/?role=artist&user_email=halsey%40gmail.com HTTP/1.1" 200 2
[03/Oct/2026 10:59:44] "GET /api/users/notifications/ HTTP/1.1" 200 3180
[03/Oct/2026 10:59:45] "GET /api/users/contracts/ HTTP/1.1" 200 13955
[03/Oct/2026 10:59:45] "GET /api/users/contracts/ HTTP/1.1" 200 13955
[03/Oct/2026 10:59:45] "GET /api/users/contracts/ HTTP/1.1" 200 31
[03/Oct/2026 10:59:45] "GET /api/users/notifications/ HTTP/1.1" 200 37
[03/Oct/2026 10:59:46] "GET /api/users/contracts/ HTTP/1.1" 200 13955
[03/Oct/2026 10:59:46] "GET /api/users/notifications/ HTTP/1.1" 200 3180
[03/Oct/2026 10:59:46] "GET /api/commissions/requests/?role=buyer&user_email=halsey%40gmail.com HTTP/1.1" 200 1929
[03/Oct/2026 10:59:46] "GET /api/users/contracts/artworks/31/ HTTP/1.1" 200 214184
[03/Oct/2026 10:59:46] "GET /api/users/contracts/ HTTP/1.1" 200 13955
[03/Oct/2026 10:59:47] "GET /api/cart/ HTTP/1.1" 200 3265672
[03/Oct/2026 10:59:47] "GET /api/users/contracts/ HTTP/1.1" 200 13955
[03/Oct/2026 10:59:50] "GET /api/users/contracts/ HTTP/1.1" 200 13955
[03/Oct/2026 10:59:50] "GET /api/users/contracts/ HTTP/1.1" 200 13955
[03/Oct/2026 10:59:51] "GET /api/users/contracts/ HTTP/1.1" 200 13955
[03/Oct/2026 10:59:52] "GET /api/users/contracts/ HTTP/1.1" 200 13955
[03/Oct/2026 10:59:52] "GET /api/cart/ HTTP/1.1" 200 3265672
[03/Oct/2026 10:59:52] "GET /api/users/contracts/ HTTP/1.1" 200 13955
[03/Oct/2026 10:59:54] "GET /api/users/contracts/ HTTP/1.1" 200 13955
[03/Oct/2026 10:59:55] "GET /api/users/contracts/ HTTP/1.1" 200 13955
[03/Oct/2026 10:59:56] "GET /api/users/contracts/ HTTP/1.1" 200 13955
[03/Oct/2026 10:59:56] "GET /api/users/notifications/ HTTP/1.1" 200 3180
[03/Oct/2026 10:59:56] "GET /api/users/contracts/ HTTP/1.1" 200 13955
[03/Oct/2026 10:59:56] "GET /api/users/contracts/artworks/31/ HTTP/1.1" 200 214184
[03/Oct/2026 10:59:57] "GET /api/cart/ HTTP/1.1" 200 3265672
[03/Oct/2026 10:59:57] "GET /api/users/contracts/ HTTP/1.1" 200 13955
[03/Oct/2026 10:59:57] "GET /api/users/notifications/ HTTP/1.1" 200 3180
[03/Oct/2026 10:59:59] "GET /api/users/notifications/ HTTP/1.1" 200 3180
[03/Oct/2026 10:59:59] "GET /api/commissions/requests/?role=artist&user_email=halsey%40gmail.com HTTP/1.1" 200 2
[03/Oct/2026 10:59:59] "GET /api/users/notifications/ HTTP/1.1" 200 3180
[03/Oct/2026 10:59:59] "GET /api/users/contracts/ HTTP/1.1" 200 13955
[03/Oct/2026 11:00:00] "GET /api/users/contracts/ HTTP/1.1" 200 13955
[03/Oct/2026 11:00:00] "GET /api/users/notifications/ HTTP/1.1" 200 3180
[03/Oct/2026 11:00:01] "GET /api/users/contracts/ HTTP/1.1" 200 13955
[03/Oct/2026 11:00:01] "GET /api/users/notifications/ HTTP/1.1" 200 3180
[03/Oct/2026 11:00:01] "GET /api/commissions/requests/?role=buyer&user_email=halsey%40gmail.com HTTP/1.1" 200 1929
[03/Oct/2026 11:00:01] "GET /api/users/contracts/ HTTP/1.1" 200 13955
[03/Oct/2026 11:00:02] "GET /api/cart/ HTTP/1.1" 200 3265672
[03/Oct/2026 11:00:02] "GET /api/users/contracts/ HTTP/1.1" 200 13955
[03/Oct/2026 11:00:04] "GET /api/users/contracts/ HTTP/1.1" 200 13955
[03/Oct/2026 11:00:05] "GET /api/users/contracts/ HTTP/1.1" 200 13955
[03/Oct/2026 11:00:05] "GET /api/users/contracts/ HTTP/1.1" 200 13955
[03/Oct/2026 11:00:06] "GET /api/users/contracts/ HTTP/1.1" 200 13955
[03/Oct/2026 11:00:06] "GET /api/users/contracts/artworks/31/ HTTP/1.1" 200 214184
[03/Oct/2026 11:00:07] "GET /api/cart/ HTTP/1.1" 200 3265672
[03/Oct/2026 11:00:07] "GET /api/users/contracts/ HTTP/1.1" 200 13955
[03/Oct/2026 11:00:09] "GET /api/users/contracts/ HTTP/1.1" 200 13955
[03/Oct/2026 11:00:10] "GET /api/users/contracts/ HTTP/1.1" 200 13955
[03/Oct/2026 11:00:10] "GET /api/users/contracts/ HTTP/1.1" 200 13955
[03/Oct/2026 11:00:11] "GET /api/users/contracts/ HTTP/1.1" 200 13955
[03/Oct/2026 11:00:12] "GET /api/cart/ HTTP/1.1" 200 3265672
[03/Oct/2026 11:00:12] "GET /api/users/contracts/ HTTP/1.1" 200 13955
[03/Oct/2026 11:00:14] "GET /api/commissions/requests/?role=artist&user_email=halsey%40gmail.com HTTP/1.1" 200 2
[03/Oct/2026 11:00:14] "GET /api/users/notifications/ HTTP/1.1" 200 3180
[03/Oct/2026 11:00:14] "GET /api/users/contracts/ HTTP/1.1" 200 13955
[03/Oct/2026 11:00:15] "GET /api/users/contracts/ HTTP/1.1" 200 13955
[03/Oct/2026 11:00:15] "GET /api/users/contracts/ HTTP/1.1" 200 13955
[03/Oct/2026 11:00:16] "GET /api/users/notifications/ HTTP/1.1" 200 3180
[03/Oct/2026 11:00:16] "GET /api/commissions/requests/?role=buyer&user_email=halsey%40gmail.com HTTP/1.1" 200 1929
[03/Oct/2026 11:00:16] "GET /api/users/contracts/ HTTP/1.1" 200 13955
[03/Oct/2026 11:00:16] "GET /api/users/contracts/artworks/31/ HTTP/1.1" 200 214184
[03/Oct/2026 11:00:17] "GET /api/cart/ HTTP/1.1" 200 3265672
[03/Oct/2026 11:00:17] "GET /api/users/contracts/ HTTP/1.1" 200 13955
[03/Oct/2026 11:00:19] "GET /api/users/contracts/ HTTP/1.1" 200 13955
[03/Oct/2026 11:00:20] "GET /api/users/contracts/ HTTP/1.1" 200 13955
[03/Oct/2026 11:00:20] "GET /api/users/contracts/ HTTP/1.1" 200 13955
[03/Oct/2026 11:00:21] "GET /api/users/contracts/ HTTP/1.1" 200 13955
[03/Oct/2026 11:00:22] "GET /api/cart/ HTTP/1.1" 200 3265672
[03/Oct/2026 11:00:22] "GET /api/users/contracts/ HTTP/1.1" 200 13955
[03/Oct/2026 11:00:25] "GET /api/users/contracts/ HTTP/1.1" 200 13955
[03/Oct/2026 11:00:25] "GET /api/users/contracts/ HTTP/1.1" 200 13955
[03/Oct/2026 11:00:26] "GET /api/users/notifications/ HTTP/1.1" 200 3180
[03/Oct/2026 11:00:26] "GET /api/users/contracts/ HTTP/1.1" 200 13955
[03/Oct/2026 11:00:27] "GET /api/users/contracts/ HTTP/1.1" 200 13955
[03/Oct/2026 11:00:27] "GET /api/users/contracts/artworks/31/ HTTP/1.1" 200 214184
[03/Oct/2026 11:00:27] "GET /api/cart/ HTTP/1.1" 200 3265672
[03/Oct/2026 11:00:27] "GET /api/users/contracts/ HTTP/1.1" 200 13955
[03/Oct/2026 11:00:28] "GET /api/users/notifications/ HTTP/1.1" 200 3180
[03/Oct/2026 11:00:31] "GET /api/commissions/requests/?role=artist&user_email=halsey%40gmail.com HTTP/1.1" 200 2
[03/Oct/2026 11:00:31] "GET /api/users/notifications/ HTTP/1.1" 200 3180
[03/Oct/2026 11:00:31] "GET /api/users/notifications/ HTTP/1.1" 200 3180
[03/Oct/2026 11:00:31] "GET /api/users/notifications/ HTTP/1.1" 200 3180
[03/Oct/2026 11:00:31] "GET /api/users/contracts/ HTTP/1.1" 200 13955
[03/Oct/2026 11:00:32] "GET /api/users/contracts/ HTTP/1.1" 200 13955
[03/Oct/2026 11:00:32] "GET /api/users/notifications/ HTTP/1.1" 200 3180
[03/Oct/2026 11:00:32] "GET /api/cart/ HTTP/1.1" 200 3265672
[03/Oct/2026 11:00:32] "GET /api/commissions/requests/?role=buyer&user_email=halsey%40gmail.com HTTP/1.1" 200 1929
[03/Oct/2026 11:00:32] "GET /api/users/contracts/ HTTP/1.1" 200 13955
[03/Oct/2026 11:00:33] "GET /api/users/contracts/ HTTP/1.1" 200 13955
[03/Oct/2026 11:00:33] "GET /api/users/contracts/ HTTP/1.1" 200 13955
[03/Oct/2026 11:00:35] "GET /api/users/contracts/ HTTP/1.1" 200 13955
[03/Oct/2026 11:00:36] "GET /api/users/contracts/ HTTP/1.1" 200 13955
[03/Oct/2026 11:00:37] "GET /api/users/contracts/ HTTP/1.1" 200 13955
[03/Oct/2026 11:00:37] "GET /api/users/contracts/artworks/31/ HTTP/1.1" 200 214184
[03/Oct/2026 11:00:37] "GET /api/users/contracts/ HTTP/1.1" 200 13955
[03/Oct/2026 11:00:37] "GET /api/cart/ HTTP/1.1" 200 3265672
[03/Oct/2026 11:00:38] "GET /api/users/contracts/ HTTP/1.1" 200 13955
[03/Oct/2026 11:00:40] "GET /api/users/contracts/ HTTP/1.1" 200 13955
[03/Oct/2026 11:00:41] "GET /api/users/contracts/ HTTP/1.1" 200 13955
[03/Oct/2026 11:00:41] "GET /api/users/contracts/ HTTP/1.1" 200 13955
[03/Oct/2026 11:00:42] "GET /api/users/contracts/ HTTP/1.1" 200 13955
[03/Oct/2026 11:00:42] "GET /api/cart/ HTTP/1.1" 200 3265672
[03/Oct/2026 11:00:42] "GET /api/users/contracts/ HTTP/1.1" 200 13955
[03/Oct/2026 11:00:45] "GET /api/commissions/requests/?role=artist&user_email=halsey%40gmail.com HTTP/1.1" 200 2
[03/Oct/2026 11:00:45] "GET /api/users/notifications/ HTTP/1.1" 200 3180
[03/Oct/2026 11:00:46] "GET /api/users/contracts/ HTTP/1.1" 200 13955
[03/Oct/2026 11:00:46] "GET /api/users/contracts/ HTTP/1.1" 200 31
[03/Oct/2026 11:00:46] "GET /api/users/notifications/ HTTP/1.1" 200 37
[03/Oct/2026 11:00:47] "GET /api/commissions/requests/?role=buyer&user_email=halsey%40gmail.com HTTP/1.1" 200 1929
[03/Oct/2026 11:00:47] "GET /api/users/notifications/ HTTP/1.1" 200 3180
[03/Oct/2026 11:00:47] "GET /api/users/contracts/ HTTP/1.1" 200 13955
[03/Oct/2026 11:00:47] "GET /api/users/contracts/artworks/31/ HTTP/1.1" 200 214184
[03/Oct/2026 11:00:48] "GET /api/cart/ HTTP/1.1" 200 3265672
[03/Oct/2026 11:00:48] "GET /api/users/contracts/ HTTP/1.1" 200 13955
[03/Oct/2026 11:00:48] "GET /api/users/contracts/ HTTP/1.1" 200 13955
[03/Oct/2026 11:00:49] "GET /api/users/contracts/ HTTP/1.1" 200 13955
[03/Oct/2026 11:00:50] "GET /api/users/contracts/ HTTP/1.1" 200 13955
[03/Oct/2026 11:00:51] "GET /api/users/contracts/ HTTP/1.1" 200 13955
[03/Oct/2026 11:00:51] "GET /api/users/contracts/ HTTP/1.1" 200 13955
[03/Oct/2026 11:00:52] "GET /api/users/contracts/ HTTP/1.1" 200 13955
[03/Oct/2026 11:00:52] "GET /api/cart/ HTTP/1.1" 200 3265672
[03/Oct/2026 11:00:52] "GET /api/users/contracts/ HTTP/1.1" 200 13955
[03/Oct/2026 11:00:56] "GET /api/users/notifications/ HTTP/1.1" 200 3180
[03/Oct/2026 11:00:56] "GET /api/users/contracts/ HTTP/1.1" 200 13955
[03/Oct/2026 11:00:57] "GET /api/users/contracts/ HTTP/1.1" 200 13955
[03/Oct/2026 11:00:57] "GET /api/cart/ HTTP/1.1" 200 3265672
[03/Oct/2026 11:00:57] "GET /api/users/contracts/artworks/31/ HTTP/1.1" 200 214184
[03/Oct/2026 11:00:58] "GET /api/users/contracts/ HTTP/1.1" 200 13955
[03/Oct/2026 11:00:59] "GET /api/users/contracts/ HTTP/1.1" 200 13955
[03/Oct/2026 11:00:59] "GET /api/users/contracts/ HTTP/1.1" 200 13955
[03/Oct/2026 11:01:00] "GET /api/users/notifications/ HTTP/1.1" 200 3180
[03/Oct/2026 11:01:00] "GET /api/commissions/requests/?role=artist&user_email=halsey%40gmail.com HTTP/1.1" 200 2
[03/Oct/2026 11:01:00] "GET /api/users/notifications/ HTTP/1.1" 200 3180
[03/Oct/2026 11:01:00] "GET /api/users/notifications/ HTTP/1.1" 200 3180
[03/Oct/2026 11:01:01] "GET /api/users/contracts/ HTTP/1.1" 200 13955
[03/Oct/2026 11:01:01] "GET /api/users/contracts/ HTTP/1.1" 200 13955
[03/Oct/2026 11:01:01] "GET /api/users/notifications/ HTTP/1.1" 200 3180
[03/Oct/2026 11:01:01] "GET /api/users/contracts/ HTTP/1.1" 200 13955
[03/Oct/2026 11:01:02] "GET /api/users/contracts/ HTTP/1.1" 200 13955
[03/Oct/2026 11:01:02] "GET /api/users/notifications/ HTTP/1.1" 200 3180
[03/Oct/2026 11:01:03] "GET /api/cart/ HTTP/1.1" 200 3265672
[03/Oct/2026 11:01:03] "GET /api/commissions/requests/?role=buyer&user_email=halsey%40gmail.com HTTP/1.1" 200 1929
[03/Oct/2026 11:01:04] "GET /api/users/contracts/ HTTP/1.1" 200 13955
[03/Oct/2026 11:01:06] "GET /api/users/contracts/ HTTP/1.1" 200 13955
[03/Oct/2026 11:01:06] "GET /api/users/contracts/ HTTP/1.1" 200 13955
[03/Oct/2026 11:01:07] "GET /api/users/contracts/ HTTP/1.1" 200 13955
[03/Oct/2026 11:01:07] "GET /api/users/contracts/artworks/31/ HTTP/1.1" 200 214184
[03/Oct/2026 11:01:07] "GET /api/cart/ HTTP/1.1" 200 3265672
[03/Oct/2026 11:01:07] "GET /api/users/contracts/ HTTP/1.1" 200 13955
[03/Oct/2026 11:01:08] "GET /api/users/contracts/ HTTP/1.1" 200 13955
[03/Oct/2026 11:01:12] "GET /api/users/contracts/ HTTP/1.1" 200 13955
[03/Oct/2026 11:01:13] "GET /api/cart/ HTTP/1.1" 200 3265672
[03/Oct/2026 11:01:13] "GET /api/users/contracts/ HTTP/1.1" 200 13955
[03/Oct/2026 11:01:15] "GET /api/users/contracts/ HTTP/1.1" 200 13955
[03/Oct/2026 11:01:16] "GET /api/users/notifications/ HTTP/1.1" 200 3180
[03/Oct/2026 11:01:16] "GET /api/commissions/requests/?role=artist&user_email=halsey%40gmail.com HTTP/1.1" 200 2
[03/Oct/2026 11:01:16] "GET /api/users/contracts/ HTTP/1.1" 200 13955
[03/Oct/2026 11:01:17] "GET /api/users/contracts/ HTTP/1.1" 200 13955
[03/Oct/2026 11:01:18] "GET /api/users/contracts/ HTTP/1.1" 200 13955
[03/Oct/2026 11:01:18] "GET /api/users/notifications/ HTTP/1.1" 200 3180
[03/Oct/2026 11:01:18] "GET /api/users/contracts/artworks/31/ HTTP/1.1" 200 214184
[03/Oct/2026 11:01:18] "GET /api/cart/ HTTP/1.1" 200 3265672
[03/Oct/2026 11:01:18] "GET /api/commissions/requests/?role=buyer&user_email=halsey%40gmail.com HTTP/1.1" 200 1929
[03/Oct/2026 11:01:18] "GET /api/users/contracts/ HTTP/1.1" 200 13955
[03/Oct/2026 11:01:19] "GET /api/users/contracts/ HTTP/1.1" 200 13955
[03/Oct/2026 11:01:20] "GET /api/users/contracts/ HTTP/1.1" 200 13955
[03/Oct/2026 11:01:21] "GET /api/users/contracts/ HTTP/1.1" 200 13955
[03/Oct/2026 11:01:21] "GET /api/users/contracts/ HTTP/1.1" 200 13955
[03/Oct/2026 11:01:22] "GET /api/users/contracts/ HTTP/1.1" 200 13955
[03/Oct/2026 11:01:22] "GET /api/cart/ HTTP/1.1" 200 3265672
[03/Oct/2026 11:01:22] "GET /api/users/contracts/ HTTP/1.1" 200 13955
[03/Oct/2026 11:01:23] "GET /api/users/contracts/ HTTP/1.1" 200 13955
[03/Oct/2026 11:01:24] "GET /api/users/contracts/ HTTP/1.1" 200 13955
[03/Oct/2026 11:01:45] "GET /api/commissions/requests/?role=artist&user_email=halsey%40gmail.com HTTP/1.1" 200 2
[03/Oct/2026 11:01:45] "GET /api/users/notifications/ HTTP/1.1" 200 3180
[03/Oct/2026 11:01:45] "GET /api/users/contracts/artworks/31/ HTTP/1.1" 200 214184
[03/Oct/2026 11:01:46] "GET /api/commissions/requests/?role=buyer&user_email=halsey%40gmail.com HTTP/1.1" 200 1929
[03/Oct/2026 11:01:46] "GET /api/cart/ HTTP/1.1" 200 3265672
[03/Oct/2026 11:01:46] "GET /api/users/notifications/ HTTP/1.1" 200 37
[03/Oct/2026 11:01:46] "GET /api/users/contracts/ HTTP/1.1" 200 31
[03/Oct/2026 11:01:46] "GET /api/users/notifications/ HTTP/1.1" 200 3180
[03/Oct/2026 11:01:46] "GET /api/users/contracts/ HTTP/1.1" 200 13955
[03/Oct/2026 11:01:46] "GET /api/users/notifications/ HTTP/1.1" 200 3180
[03/Oct/2026 11:01:46] "GET /api/users/notifications/ HTTP/1.1" 200 3180
[03/Oct/2026 11:01:46] "GET /api/users/contracts/ HTTP/1.1" 200 13955
[03/Oct/2026 11:01:47] "GET /api/users/notifications/ HTTP/1.1" 200 3180
[03/Oct/2026 11:01:47] "GET /api/users/notifications/ HTTP/1.1" 200 3180
[03/Oct/2026 11:01:47] "GET /api/users/contracts/ HTTP/1.1" 200 13955
[03/Oct/2026 11:01:48] "GET /api/users/contracts/ HTTP/1.1" 200 13955
[03/Oct/2026 11:01:48] "GET /api/users/contracts/ HTTP/1.1" 200 13955
[03/Oct/2026 11:02:45] "GET /api/users/notifications/ HTTP/1.1" 200 3180
[03/Oct/2026 11:02:45] "GET /api/commissions/requests/?role=buyer&user_email=halsey%40gmail.com HTTP/1.1" 200 1929
[03/Oct/2026 11:02:45] "GET /api/users/contracts/artworks/31/ HTTP/1.1" 200 214184
[03/Oct/2026 11:02:45] "GET /api/commissions/requests/?role=artist&user_email=halsey%40gmail.com HTTP/1.1" 200 2
[03/Oct/2026 11:02:45] "GET /api/cart/ HTTP/1.1" 200 3265672
[03/Oct/2026 11:02:46] "GET /api/users/notifications/ HTTP/1.1" 200 3180
[03/Oct/2026 11:02:46] "GET /api/users/contracts/ HTTP/1.1" 200 13955
[03/Oct/2026 11:02:46] "GET /api/users/notifications/ HTTP/1.1" 200 3180
[03/Oct/2026 11:02:46] "GET /api/users/notifications/ HTTP/1.1" 200 3180
[03/Oct/2026 11:02:46] "GET /api/users/notifications/ HTTP/1.1" 200 3180
[03/Oct/2026 11:02:46] "GET /api/users/contracts/ HTTP/1.1" 200 13955
[03/Oct/2026 11:02:46] "GET /api/users/notifications/ HTTP/1.1" 200 3180
[03/Oct/2026 11:02:47] "GET /api/users/contracts/ HTTP/1.1" 200 13955
[03/Oct/2026 11:02:47] "GET /api/users/contracts/ HTTP/1.1" 200 13955
[03/Oct/2026 11:02:47] "GET /api/users/contracts/ HTTP/1.1" 200 13955
[03/Oct/2026 11:03:15] "GET /api/commissions/requests/?role=artist&user_email=halsey%40gmail.com HTTP/1.1" 200 2
[03/Oct/2026 11:03:15] "GET /api/users/notifications/ HTTP/1.1" 200 3180
[03/Oct/2026 11:03:15] "GET /api/commissions/requests/?role=buyer&user_email=halsey%40gmail.com HTTP/1.1" 200 1929
[03/Oct/2026 11:03:15] "GET /api/users/contracts/artworks/31/ HTTP/1.1" 200 214184
[03/Oct/2026 11:03:15] "GET /api/cart/ HTTP/1.1" 200 3265672
[03/Oct/2026 11:03:15] "GET /api/users/notifications/ HTTP/1.1" 200 3180
[03/Oct/2026 11:03:15] "GET /api/users/contracts/ HTTP/1.1" 200 13955
[03/Oct/2026 11:03:15] "GET /api/users/notifications/ HTTP/1.1" 200 3180
[03/Oct/2026 11:03:16] "GET /api/users/notifications/ HTTP/1.1" 200 3180
[03/Oct/2026 11:03:16] "GET /api/users/notifications/ HTTP/1.1" 200 3180
[03/Oct/2026 11:03:16] "GET /api/users/contracts/ HTTP/1.1" 200 13955
[03/Oct/2026 11:03:16] "GET /api/commissions/requests/?role=buyer&user_email=halsey%40gmail.com HTTP/1.1" 200 1929
[03/Oct/2026 11:03:16] "GET /api/users/notifications/ HTTP/1.1" 200 3180
[03/Oct/2026 11:03:16] "GET /api/users/contracts/artworks/31/ HTTP/1.1" 200 214184
[03/Oct/2026 11:03:16] "GET /api/users/notifications/ HTTP/1.1" 200 3180
[03/Oct/2026 11:03:17] "GET /api/users/contracts/ HTTP/1.1" 200 13955
[03/Oct/2026 11:03:17] "GET /api/cart/ HTTP/1.1" 200 3265672
[03/Oct/2026 11:03:17] "GET /api/users/contracts/ HTTP/1.1" 200 13955
[03/Oct/2026 11:03:18] "GET /api/users/contracts/ HTTP/1.1" 200 13955
[03/Oct/2026 11:03:18] "GET /api/users/notifications/ HTTP/1.1" 200 37
[03/Oct/2026 11:03:18] "GET /api/users/contracts/ HTTP/1.1" 200 31
[03/Oct/2026 11:03:18] "GET /api/users/contracts/ HTTP/1.1" 200 13955
[03/Oct/2026 11:03:19] "GET /api/users/contracts/ HTTP/1.1" 200 13955
[03/Oct/2026 11:03:20] "GET /api/users/contracts/ HTTP/1.1" 200 13955
[03/Oct/2026 11:03:20] "GET /api/users/contracts/ HTTP/1.1" 200 13955
[03/Oct/2026 11:03:20] "GET /api/users/contracts/ HTTP/1.1" 200 31
[03/Oct/2026 11:03:20] "GET /api/users/contracts/ HTTP/1.1" 200 13955
[03/Oct/2026 11:03:21] "GET /api/users/contracts/ HTTP/1.1" 200 13955
[03/Oct/2026 11:03:22] "GET /api/users/contracts/ HTTP/1.1" 200 13955
[03/Oct/2026 11:03:22] "GET /api/cart/ HTTP/1.1" 200 3265672
[03/Oct/2026 11:03:22] "GET /api/users/contracts/ HTTP/1.1" 200 13955
Not Found: /api/blockchain/artworks/123/verify/
[03/Oct/2026 11:03:24] "GET /api/blockchain/artworks/123/verify/ HTTP/1.1" 404 7080
[03/Oct/2026 11:03:25] "GET /static/rest_framework/css/bootstrap-tweaks.css HTTP/1.1" 200 3426
[03/Oct/2026 11:03:25] "GET /api/users/contracts/ HTTP/1.1" 200 13955
[03/Oct/2026 11:03:25] "GET /static/rest_framework/js/jquery-3.7.1.min.js HTTP/1.1" 200 87533
[03/Oct/2026 11:03:25] "GET /static/rest_framework/js/csrf.js HTTP/1.1" 200 1793
[03/Oct/2026 11:03:25] "GET /static/rest_framework/js/prettify-min.js HTTP/1.1" 200 13632
[03/Oct/2026 11:03:25] "GET /static/rest_framework/js/bootstrap.min.js HTTP/1.1" 200 39680
[03/Oct/2026 11:03:25] "GET /static/rest_framework/js/load-ajax-form.js HTTP/1.1" 200 59
[03/Oct/2026 11:03:25] "GET /static/rest_framework/js/default.js HTTP/1.1" 200 1268
[03/Oct/2026 11:03:25] "GET /static/rest_framework/css/default.css HTTP/1.1" 200 1152
[03/Oct/2026 11:03:25] "GET /static/rest_framework/css/prettify.css HTTP/1.1" 200 817
[03/Oct/2026 11:03:25] "GET /static/rest_framework/js/ajax-form.js HTTP/1.1" 200 3796
[03/Oct/2026 11:03:25] "GET /static/rest_framework/css/bootstrap.min.css HTTP/1.1" 200 121457
[03/Oct/2026 11:03:25] "GET /static/rest_framework/img/grid.png HTTP/1.1" 200 1458
[03/Oct/2026 11:03:26] "GET /api/users/contracts/ HTTP/1.1" 200 13955
Not Found: /favicon.ico
[03/Oct/2026 11:03:26] "GET /favicon.ico HTTP/1.1" 404 4657
[03/Oct/2026 11:03:26] "GET /api/users/notifications/ HTTP/1.1" 200 3180
[03/Oct/2026 11:03:26] "GET /api/users/contracts/ HTTP/1.1" 200 31
[03/Oct/2026 11:03:26] "GET /api/users/contracts/ HTTP/1.1" 200 13955
[03/Oct/2026 11:03:26] "GET /api/users/contracts/artworks/31/ HTTP/1.1" 200 214184
[03/Oct/2026 11:03:27] "GET /api/users/contracts/ HTTP/1.1" 200 13955
[03/Oct/2026 11:03:27] "GET /api/cart/ HTTP/1.1" 200 3265672
[03/Oct/2026 11:03:27] "GET /api/users/contracts/ HTTP/1.1" 200 13955
[03/Oct/2026 11:03:27] "GET /api/users/notifications/ HTTP/1.1" 200 3180
[03/Oct/2026 11:03:28] "GET /api/users/notifications/ HTTP/1.1" 200 37
[03/Oct/2026 11:03:29] "GET /api/users/notifications/ HTTP/1.1" 200 3180
[03/Oct/2026 11:03:29] "GET /api/commissions/requests/?role=artist&user_email=halsey%40gmail.com HTTP/1.1" 200 2
[03/Oct/2026 11:03:29] "GET /api/users/notifications/ HTTP/1.1" 200 3180
[03/Oct/2026 11:03:29] "GET /api/users/contracts/ HTTP/1.1" 200 13955
[03/Oct/2026 11:03:30] "GET /api/users/contracts/ HTTP/1.1" 200 13955
[03/Oct/2026 11:03:30] "GET /api/users/notifications/ HTTP/1.1" 200 3180
[03/Oct/2026 11:03:31] "GET /api/users/contracts/ HTTP/1.1" 200 13955
[03/Oct/2026 11:03:31] "GET /api/users/contracts/ HTTP/1.1" 200 31
[03/Oct/2026 11:03:31] "GET /api/users/notifications/ HTTP/1.1" 200 3180
[03/Oct/2026 11:03:31] "GET /api/commissions/requests/?role=buyer&user_email=halsey%40gmail.com HTTP/1.1" 200 1929
[03/Oct/2026 11:03:32] "GET /api/users/contracts/ HTTP/1.1" 200 13955
[03/Oct/2026 11:03:32] "GET /api/cart/ HTTP/1.1" 200 3265672
[03/Oct/2026 11:03:32] "GET /api/users/contracts/ HTTP/1.1" 200 13955
[03/Oct/2026 11:03:34] "GET /api/users/contracts/ HTTP/1.1" 200 13955
[03/Oct/2026 11:03:35] "GET /api/users/contracts/ HTTP/1.1" 200 13955
[03/Oct/2026 11:03:36] "GET /api/users/contracts/ HTTP/1.1" 200 13955
[03/Oct/2026 11:03:36] "GET /api/users/contracts/ HTTP/1.1" 200 31
[03/Oct/2026 11:03:36] "GET /api/users/contracts/ HTTP/1.1" 200 13955
[03/Oct/2026 11:03:36] "GET /api/users/contracts/artworks/31/ HTTP/1.1" 200 214184
[03/Oct/2026 11:03:37] "GET /api/cart/ HTTP/1.1" 200 3265672
[03/Oct/2026 11:03:37] "GET /api/users/contracts/ HTTP/1.1" 200 13955
[03/Oct/2026 11:03:38] "GET /api/users/contracts/ HTTP/1.1" 200 13955
[03/Oct/2026 11:03:40] "GET /api/users/contracts/ HTTP/1.1" 200 13955
[03/Oct/2026 11:03:40] "GET /api/users/contracts/ HTTP/1.1" 200 13955
[03/Oct/2026 11:03:40] "GET /api/users/contracts/ HTTP/1.1" 200 13955
[03/Oct/2026 11:03:41] "GET /api/users/contracts/ HTTP/1.1" 200 13955
[03/Oct/2026 11:03:41] "GET /api/users/contracts/ HTTP/1.1" 200 31
[03/Oct/2026 11:03:41] "GET /api/users/contracts/ HTTP/1.1" 200 13955
[03/Oct/2026 11:03:42] "GET /auth/me/ HTTP/1.1" 200 361
[03/Oct/2026 11:03:42] "GET /api/users/notifications/ HTTP/1.1" 200 3180
[03/Oct/2026 11:03:42] "GET /api/commissions/requests/?role=buyer&user_email=halsey%40gmail.com HTTP/1.1" 200 1929
[03/Oct/2026 11:03:43] "GET /api/wallet/ HTTP/1.1" 200 109
[03/Oct/2026 11:03:43] "GET /api/purchases/ HTTP/1.1" 200 7429009
[03/Oct/2026 11:03:44] "GET /api/commissions/requests/?role=artist&user_email=halsey%40gmail.com HTTP/1.1" 200 2
[03/Oct/2026 11:03:44] "GET /api/users/notifications/ HTTP/1.1" 200 3180
[03/Oct/2026 11:03:45] "GET /api/users/contracts/ HTTP/1.1" 200 13955
[03/Oct/2026 11:03:45] "GET /api/users/contracts/ HTTP/1.1" 200 13955
[03/Oct/2026 11:03:46] "GET /api/users/contracts/ HTTP/1.1" 200 13955
[03/Oct/2026 11:03:46] "GET /api/users/contracts/ HTTP/1.1" 200 31
[03/Oct/2026 11:03:51] "GET /api/users/contracts/ HTTP/1.1" 200 31
[03/Oct/2026 11:03:52] "GET /api/users/artworks/19/ HTTP/1.1" 200 105610
[03/Oct/2026 11:03:52] "GET /api/users/artworks/2/ HTTP/1.1" 200 2914948
[03/Oct/2026 11:03:52] "GET /api/users/artworks/19/ HTTP/1.1" 200 105610
[03/Oct/2026 11:03:52] "GET /api/users/artworks/2/ HTTP/1.1" 200 2914948
[03/Oct/2026 11:03:56] "GET /api/users/contracts/ HTTP/1.1" 200 31
[03/Oct/2026 11:03:58] "GET /api/users/notifications/ HTTP/1.1" 200 37
[03/Oct/2026 11:04:01] "GET /api/users/contracts/ HTTP/1.1" 200 31
[03/Oct/2026 11:04:02] "POST /auth/login/ HTTP/1.1" 200 172
[03/Oct/2026 11:04:02] "GET /api/cart/ HTTP/1.1" 200 24
[03/Oct/2026 11:04:02] "GET /auth/me/ HTTP/1.1" 200 363
[03/Oct/2026 11:04:02] "GET /auth/me/ HTTP/1.1" 200 363
[03/Oct/2026 11:04:02] "GET /api/users/contracts/ HTTP/1.1" 200 13107
[03/Oct/2026 11:04:03] "GET /api/users/contracts/ HTTP/1.1" 200 13107
[03/Oct/2026 11:04:04] "GET /api/users/notifications/ HTTP/1.1" 200 4346
[03/Oct/2026 11:04:04] "GET /auth/me/ HTTP/1.1" 200 363
[03/Oct/2026 11:04:05] "GET /auth/me/ HTTP/1.1" 200 363
[03/Oct/2026 11:04:05] "GET /api/users/artworks/ HTTP/1.1" 200 7629638
[03/Oct/2026 11:04:05] "GET /api/users/contracts/ HTTP/1.1" 200 13107
[03/Oct/2026 11:04:06] "GET /api/users/contracts/ HTTP/1.1" 200 31
[03/Oct/2026 11:04:07] "GET /api/users/contracts/ HTTP/1.1" 200 13107
[03/Oct/2026 11:04:08] "GET /api/users/contracts/ HTTP/1.1" 200 13107
[03/Oct/2026 11:04:08] "GET /auth/me/ HTTP/1.1" 200 363
[03/Oct/2026 11:04:08] "GET /api/users/artworks/auction-agreement-defaults/ HTTP/1.1" 200 509
[03/Oct/2026 11:04:09] "GET /api/users/contracts/ HTTP/1.1" 200 13107
[03/Oct/2026 11:04:11] "GET /api/users/contracts/ HTTP/1.1" 200 31
[03/Oct/2026 11:04:12] "GET /api/users/contracts/ HTTP/1.1" 200 13107
[03/Oct/2026 11:04:13] "GET /api/users/contracts/ HTTP/1.1" 200 13107
[03/Oct/2026 11:04:14] "GET /api/users/contracts/ HTTP/1.1" 200 13107
[03/Oct/2026 11:04:14] "GET /api/commissions/requests/?role=artist&user_email=adele%40gmail.com HTTP/1.1" 200 1929
[03/Oct/2026 11:04:14] "GET /api/users/notifications/ HTTP/1.1" 200 4346
[03/Oct/2026 11:04:16] "GET /api/users/contracts/ HTTP/1.1" 200 31
[03/Oct/2026 11:04:17] "GET /api/users/contracts/ HTTP/1.1" 200 13107
[03/Oct/2026 11:04:18] "GET /api/users/contracts/ HTTP/1.1" 200 13107
[03/Oct/2026 11:04:19] "GET /api/users/contracts/ HTTP/1.1" 200 13107
[03/Oct/2026 11:04:21] "GET /api/users/contracts/ HTTP/1.1" 200 31
[03/Oct/2026 11:04:22] "GET /api/users/contracts/ HTTP/1.1" 200 13107
[03/Oct/2026 11:04:23] "GET /api/users/contracts/ HTTP/1.1" 200 13107
[03/Oct/2026 11:04:24] "GET /api/users/contracts/ HTTP/1.1" 200 13107
[03/Oct/2026 11:04:26] "GET /api/users/contracts/ HTTP/1.1" 200 31
[03/Oct/2026 11:04:27] "GET /api/users/contracts/ HTTP/1.1" 200 13107
[03/Oct/2026 11:04:28] "GET /api/users/contracts/ HTTP/1.1" 200 13107
[03/Oct/2026 11:04:28] "GET /api/users/notifications/ HTTP/1.1" 200 37
[03/Oct/2026 11:04:28] "GET /api/users/notifications/ HTTP/1.1" 200 4346
[03/Oct/2026 11:04:29] "GET /api/users/notifications/ HTTP/1.1" 200 4346
[03/Oct/2026 11:04:29] "GET /api/users/contracts/ HTTP/1.1" 200 13107
[03/Oct/2026 11:04:30] "GET /api/users/notifications/ HTTP/1.1" 200 4346
[03/Oct/2026 11:04:30] "GET /api/commissions/requests/?role=artist&user_email=adele%40gmail.com HTTP/1.1" 200 1929
[03/Oct/2026 11:04:31] "GET /api/users/contracts/ HTTP/1.1" 200 31
[03/Oct/2026 11:04:33] "GET /api/users/contracts/ HTTP/1.1" 200 13107
[03/Oct/2026 11:04:33] "GET /api/users/contracts/ HTTP/1.1" 200 13107
[03/Oct/2026 11:04:34] "GET /api/users/notifications/ HTTP/1.1" 200 4346
[03/Oct/2026 11:04:34] "GET /api/users/contracts/ HTTP/1.1" 200 13107
[03/Oct/2026 11:04:37] "GET /api/users/contracts/ HTTP/1.1" 200 13107
[03/Oct/2026 11:04:38] "GET /api/users/contracts/ HTTP/1.1" 200 13107
[03/Oct/2026 11:04:39] "GET /api/users/contracts/ HTTP/1.1" 200 13107
[03/Oct/2026 11:04:42] "GET /api/users/contracts/ HTTP/1.1" 200 13107
[03/Oct/2026 11:04:42] "GET /api/users/contracts/ HTTP/1.1" 200 13107
[03/Oct/2026 11:04:44] "GET /api/users/contracts/ HTTP/1.1" 200 13107
[03/Oct/2026 11:04:44] "GET /api/users/notifications/ HTTP/1.1" 200 4346
[03/Oct/2026 11:04:44] "GET /api/commissions/requests/?role=artist&user_email=adele%40gmail.com HTTP/1.1" 200 1929
[03/Oct/2026 11:04:45] "GET /api/users/contracts/ HTTP/1.1" 200 31
[03/Oct/2026 11:04:47] "GET /api/users/contracts/ HTTP/1.1" 200 13107
[03/Oct/2026 11:04:48] "GET /api/users/contracts/ HTTP/1.1" 200 13107
[03/Oct/2026 11:04:49] "GET /api/users/contracts/ HTTP/1.1" 200 13107
[03/Oct/2026 11:04:52] "GET /api/users/contracts/ HTTP/1.1" 200 13107
[03/Oct/2026 11:04:52] "GET /api/users/contracts/ HTTP/1.1" 200 13107
[03/Oct/2026 11:04:54] "GET /api/users/contracts/ HTTP/1.1" 200 13107
[03/Oct/2026 11:04:57] "GET /api/users/notifications/ HTTP/1.1" 200 4346
[03/Oct/2026 11:04:57] "GET /api/users/contracts/ HTTP/1.1" 200 13107
[03/Oct/2026 11:04:58] "GET /api/users/contracts/ HTTP/1.1" 200 13107
[03/Oct/2026 11:04:59] "GET /api/users/notifications/ HTTP/1.1" 200 4346
[03/Oct/2026 11:04:59] "GET /api/users/contracts/ HTTP/1.1" 200 13107
[03/Oct/2026 11:04:59] "GET /api/commissions/requests/?role=artist&user_email=adele%40gmail.com HTTP/1.1" 200 1929
[03/Oct/2026 11:04:59] "GET /api/users/notifications/ HTTP/1.1" 200 4346
[03/Oct/2026 11:05:02] "GET /api/users/contracts/ HTTP/1.1" 200 13107
[03/Oct/2026 11:05:02] "GET /api/users/contracts/ HTTP/1.1" 200 13107
[03/Oct/2026 11:05:04] "GET /api/users/notifications/ HTTP/1.1" 200 4346
[03/Oct/2026 11:05:04] "GET /api/users/contracts/ HTTP/1.1" 200 13107
[03/Oct/2026 11:05:07] "GET /api/users/contracts/ HTTP/1.1" 200 13107
[03/Oct/2026 11:05:07] "GET /api/users/contracts/ HTTP/1.1" 200 13107
[03/Oct/2026 11:05:09] "GET /api/users/contracts/ HTTP/1.1" 200 13107
[03/Oct/2026 11:05:12] "GET /api/users/contracts/ HTTP/1.1" 200 13107
[03/Oct/2026 11:05:12] "GET /api/users/contracts/ HTTP/1.1" 200 13107
[03/Oct/2026 11:05:14] "GET /api/users/contracts/ HTTP/1.1" 200 13107
[03/Oct/2026 11:05:14] "GET /api/users/notifications/ HTTP/1.1" 200 4346
[03/Oct/2026 11:05:14] "GET /api/commissions/requests/?role=artist&user_email=adele%40gmail.com HTTP/1.1" 200 1929
[03/Oct/2026 11:05:17] "GET /api/users/contracts/ HTTP/1.1" 200 13107
[03/Oct/2026 11:05:18] "GET /api/users/contracts/ HTTP/1.1" 200 13107
[03/Oct/2026 11:05:19] "POST /api/users/artworks/ HTTP/1.1" 201 132023
[03/Oct/2026 11:05:19] "GET /api/users/contracts/ HTTP/1.1" 200 13107
[03/Oct/2026 11:05:20] "GET /api/users/notifications/ HTTP/1.1" 200 4346
[03/Oct/2026 11:05:20] "GET /auth/me/ HTTP/1.1" 200 363
[03/Oct/2026 11:05:21] "GET /auth/me/ HTTP/1.1" 200 363
[03/Oct/2026 11:05:21] "GET /api/users/artworks/ HTTP/1.1" 200 7629638
[03/Oct/2026 11:05:21] "GET /api/users/contracts/ HTTP/1.1" 200 13107
[03/Oct/2026 11:05:22] "GET /api/users/contracts/ HTTP/1.1" 200 13107
[03/Oct/2026 11:05:23] "GET /api/users/contracts/ HTTP/1.1" 200 13107
[03/Oct/2026 11:05:24] "GET /api/users/contracts/ HTTP/1.1" 200 13107
[03/Oct/2026 11:05:26] "GET /api/users/contracts/ HTTP/1.1" 200 13107
[03/Oct/2026 11:05:27] "GET /api/users/notifications/ HTTP/1.1" 200 4346
[03/Oct/2026 11:05:27] "GET /api/users/contracts/ HTTP/1.1" 200 13107
[03/Oct/2026 11:05:27] "GET /api/users/contracts/ HTTP/1.1" 200 13107
[03/Oct/2026 11:05:29] "GET /api/users/notifications/ HTTP/1.1" 200 4346
[03/Oct/2026 11:05:29] "GET /api/users/contracts/ HTTP/1.1" 200 13107
[03/Oct/2026 11:05:29] "GET /api/users/notifications/ HTTP/1.1" 200 4346
[03/Oct/2026 11:05:29] "GET /api/commissions/requests/?role=artist&user_email=adele%40gmail.com HTTP/1.1" 200 1929
[03/Oct/2026 11:05:29] "GET /auth/me/ HTTP/1.1" 200 363
[03/Oct/2026 11:05:30] "GET /api/commissions/requests/?role=artist&user_email=adele%40gmail.com HTTP/1.1" 200 1929
[03/Oct/2026 11:05:30] "GET /api/users/notifications/ HTTP/1.1" 200 4346
[03/Oct/2026 11:05:30] "GET /api/wallet/ HTTP/1.1" 200 1188
[03/Oct/2026 11:05:30] "GET /api/purchases/ HTTP/1.1" 200 2
[03/Oct/2026 11:05:30] "GET /api/users/contracts/ HTTP/1.1" 200 13107
[03/Oct/2026 11:05:32] "GET /api/users/contracts/ HTTP/1.1" 200 13107
[03/Oct/2026 11:05:32] "GET /api/users/contracts/ HTTP/1.1" 200 13107
[03/Oct/2026 11:05:45] "POST /auth/login/ HTTP/1.1" 200 200
[03/Oct/2026 11:05:45] "GET /api/cart/ HTTP/1.1" 200 24
[03/Oct/2026 11:05:45] "GET /api/users/notifications/ HTTP/1.1" 200 37
[03/Oct/2026 11:05:45] "GET /api/users/contracts/ HTTP/1.1" 200 31
[03/Oct/2026 11:05:45] "GET /auth/me/ HTTP/1.1" 200 339
[03/Oct/2026 11:05:45] "GET /api/users/contracts/ HTTP/1.1" 200 31
[03/Oct/2026 11:05:45] "GET /auth/me/ HTTP/1.1" 200 339
[03/Oct/2026 11:05:45] "GET /api/users/contracts/ HTTP/1.1" 200 31
[03/Oct/2026 11:05:45] "GET /auth/me/ HTTP/1.1" 200 339
[03/Oct/2026 11:05:46] "GET /api/users/contracts/ HTTP/1.1" 200 31
[03/Oct/2026 11:05:49] "GET /api/users/artworks/ HTTP/1.1" 200 53387524
[03/Oct/2026 11:05:50] "GET /api/users/contracts/ HTTP/1.1" 200 31
[03/Oct/2026 11:05:51] "GET /api/users/artworks/ HTTP/1.1" 200 53387524
[03/Oct/2026 11:05:51,352] - Broken pipe from ('127.0.0.1', 53182)
[03/Oct/2026 11:05:51] "GET /api/users/contracts/ HTTP/1.1" 200 31
[03/Oct/2026 11:05:51] "GET /api/users/contracts/ HTTP/1.1" 200 31
[03/Oct/2026 11:05:52] "GET /api/users/artworks/ HTTP/1.1" 200 53387524
[03/Oct/2026 11:05:54] "GET /api/users/artworks/ HTTP/1.1" 200 53387524
[03/Oct/2026 11:05:55] "GET /api/users/artworks/ HTTP/1.1" 200 53387524
[03/Oct/2026 11:05:55,495] - Broken pipe from ('127.0.0.1', 64427)
[03/Oct/2026 11:05:55] "GET /api/users/contracts/ HTTP/1.1" 200 31
[03/Oct/2026 11:05:55] "GET /api/users/contracts/ HTTP/1.1" 200 31
[03/Oct/2026 11:05:56] "GET /api/users/contracts/ HTTP/1.1" 200 31
[03/Oct/2026 11:05:57] "GET /api/users/artworks/ HTTP/1.1" 200 53387524
[03/Oct/2026 11:05:57] "GET /api/users/notifications/ HTTP/1.1" 200 37
[03/Oct/2026 11:05:59] "GET /api/commissions/requests/?role=artist&user_email=creative1%40gmail.com HTTP/1.1" 200 2
[03/Oct/2026 11:05:59] "GET /api/users/notifications/ HTTP/1.1" 200 37
[03/Oct/2026 11:05:59] "GET /api/users/notifications/ HTTP/1.1" 200 37
[03/Oct/2026 11:06:00] "GET /api/users/contracts/ HTTP/1.1" 200 31
[03/Oct/2026 11:06:00] "GET /api/users/contracts/ HTTP/1.1" 200 31
[03/Oct/2026 11:06:00] "GET /api/users/contracts/ HTTP/1.1" 200 31
[03/Oct/2026 11:06:04] "GET /api/users/notifications/ HTTP/1.1" 200 37
[03/Oct/2026 11:06:05] "GET /api/users/contracts/ HTTP/1.1" 200 31
[03/Oct/2026 11:06:05] "GET /api/users/contracts/ HTTP/1.1" 200 31
[03/Oct/2026 11:06:05] "GET /api/users/contracts/ HTTP/1.1" 200 31
[03/Oct/2026 11:06:06] "OPTIONS /api/users/artworks/34/review/ HTTP/1.1" 200 0
[03/Oct/2026 11:06:07] "PATCH /api/users/artworks/34/review/ HTTP/1.1" 200 132164
[03/Oct/2026 11:06:14] "POST /auth/login/ HTTP/1.1" 200 173
[03/Oct/2026 11:06:14] "GET /api/cart/ HTTP/1.1" 200 3265672
[03/Oct/2026 11:06:14] "GET /auth/me/ HTTP/1.1" 200 361
[03/Oct/2026 11:06:14] "GET /auth/me/ HTTP/1.1" 200 361
[03/Oct/2026 11:06:14] "GET /api/users/contracts/ HTTP/1.1" 200 13955
[03/Oct/2026 11:06:14] "GET /auth/me/ HTTP/1.1" 200 361
[03/Oct/2026 11:06:15] "GET /api/users/contracts/ HTTP/1.1" 200 13955
[03/Oct/2026 11:06:15] "GET /api/users/contracts/ HTTP/1.1" 200 13955
[03/Oct/2026 11:06:17] "GET /api/users/notifications/ HTTP/1.1" 200 3180
[03/Oct/2026 11:06:17] "GET /auth/me/ HTTP/1.1" 200 361
[03/Oct/2026 11:06:17] "GET /api/users/artworks/ HTTP/1.1" 200 7761663
[03/Oct/2026 11:06:17] "GET /auth/me/ HTTP/1.1" 200 361
[03/Oct/2026 11:06:17] "GET /api/users/contracts/ HTTP/1.1" 200 13955
[03/Oct/2026 11:06:20] "GET /api/users/contracts/ HTTP/1.1" 200 13955
[03/Oct/2026 11:06:21] "GET /api/users/contracts/ HTTP/1.1" 200 13955
[03/Oct/2026 11:06:21] "GET /api/users/contracts/ HTTP/1.1" 200 13955
[03/Oct/2026 11:06:22] "GET /api/users/contracts/ HTTP/1.1" 200 13955
[03/Oct/2026 11:06:25] "GET /api/users/contracts/ HTTP/1.1" 200 13955
[03/Oct/2026 11:06:25] "GET /api/users/contracts/ HTTP/1.1" 200 13955
[03/Oct/2026 11:06:26] "GET /api/users/contracts/ HTTP/1.1" 200 13955
[03/Oct/2026 11:06:27] "GET /api/users/contracts/ HTTP/1.1" 200 13955
[03/Oct/2026 11:06:28] "GET /api/users/notifications/ HTTP/1.1" 200 3180
[03/Oct/2026 11:06:29] "GET /api/users/notifications/ HTTP/1.1" 200 3180
[03/Oct/2026 11:06:30] "GET /api/users/notifications/ HTTP/1.1" 200 3180
[03/Oct/2026 11:06:30] "GET /api/commissions/requests/?role=artist&user_email=halsey%40gmail.com HTTP/1.1" 200 2
[03/Oct/2026 11:06:30] "GET /api/users/contracts/ HTTP/1.1" 200 13955
[03/Oct/2026 11:06:31] "GET /api/users/contracts/ HTTP/1.1" 200 13955
[03/Oct/2026 11:06:31] "GET /api/users/contracts/ HTTP/1.1" 200 13955
[03/Oct/2026 11:06:32] "GET /api/users/contracts/ HTTP/1.1" 200 13955
[03/Oct/2026 11:06:34] "GET /api/users/notifications/ HTTP/1.1" 200 3180
[03/Oct/2026 11:06:35] "GET /api/users/contracts/ HTTP/1.1" 200 13955
[03/Oct/2026 11:06:36] "GET /api/users/contracts/ HTTP/1.1" 200 13955
[03/Oct/2026 11:06:36] "GET /api/users/contracts/ HTTP/1.1" 200 13955
[03/Oct/2026 11:06:37] "GET /api/users/contracts/ HTTP/1.1" 200 13955
[03/Oct/2026 11:06:40] "GET /api/users/contracts/ HTTP/1.1" 200 13955
[03/Oct/2026 11:06:41] "GET /api/users/contracts/ HTTP/1.1" 200 13955
[03/Oct/2026 11:06:41] "GET /api/users/contracts/ HTTP/1.1" 200 13955
[03/Oct/2026 11:06:42] "GET /api/users/contracts/ HTTP/1.1" 200 13955
[03/Oct/2026 11:06:46] "GET /api/commissions/requests/?role=artist&user_email=halsey%40gmail.com HTTP/1.1" 200 2
[03/Oct/2026 11:06:46] "GET /api/users/contracts/ HTTP/1.1" 200 31
[03/Oct/2026 11:06:46] "GET /api/users/notifications/ HTTP/1.1" 200 37
[03/Oct/2026 11:06:46] "GET /api/users/notifications/ HTTP/1.1" 200 3180
[03/Oct/2026 11:06:46] "GET /api/users/contracts/ HTTP/1.1" 200 13955
[03/Oct/2026 11:06:46] "GET /api/users/contracts/ HTTP/1.1" 200 13955
[03/Oct/2026 11:06:46] "GET /api/users/contracts/ HTTP/1.1" 200 13955
[03/Oct/2026 11:06:47] "GET /api/users/notifications/ HTTP/1.1" 200 3180
[03/Oct/2026 11:06:47] "GET /api/users/contracts/ HTTP/1.1" 200 13955
[03/Oct/2026 11:06:50] "GET /api/users/contracts/ HTTP/1.1" 200 13955
[03/Oct/2026 11:06:50] "GET /api/users/contracts/ HTTP/1.1" 200 13955
[03/Oct/2026 11:06:51] "GET /api/users/contracts/ HTTP/1.1" 200 13955
[03/Oct/2026 11:06:52] "GET /api/users/contracts/ HTTP/1.1" 200 13955
[03/Oct/2026 11:06:55] "GET /api/users/contracts/ HTTP/1.1" 200 13955
[03/Oct/2026 11:06:55] "GET /api/users/contracts/ HTTP/1.1" 200 13955
[03/Oct/2026 11:06:56] "GET /api/users/contracts/ HTTP/1.1" 200 13955
[03/Oct/2026 11:06:57] "GET /api/users/contracts/ HTTP/1.1" 200 13955
[03/Oct/2026 11:06:58] "GET /api/users/notifications/ HTTP/1.1" 200 3180
[03/Oct/2026 11:06:59] "GET /api/users/notifications/ HTTP/1.1" 200 3180
[03/Oct/2026 11:07:00] "GET /api/commissions/requests/?role=artist&user_email=halsey%40gmail.com HTTP/1.1" 200 2
[03/Oct/2026 11:07:00] "GET /api/users/notifications/ HTTP/1.1" 200 3180
[03/Oct/2026 11:07:00] "GET /api/users/contracts/ HTTP/1.1" 200 13955
[03/Oct/2026 11:07:01] "GET /api/users/contracts/ HTTP/1.1" 200 13955
[03/Oct/2026 11:07:01] "GET /api/users/contracts/ HTTP/1.1" 200 13955
[03/Oct/2026 11:07:02] "GET /api/users/contracts/ HTTP/1.1" 200 13955
[03/Oct/2026 11:07:04] "GET /api/users/notifications/ HTTP/1.1" 200 3180
[03/Oct/2026 11:07:05] "GET /api/users/contracts/ HTTP/1.1" 200 13955
[03/Oct/2026 11:07:06] "GET /api/users/contracts/ HTTP/1.1" 200 13955
[03/Oct/2026 11:07:06] "GET /api/users/contracts/ HTTP/1.1" 200 13955
[03/Oct/2026 11:07:07] "GET /api/users/contracts/ HTTP/1.1" 200 13955
[03/Oct/2026 11:07:10] "GET /api/users/contracts/ HTTP/1.1" 200 13955
[03/Oct/2026 11:07:10] "GET /api/users/contracts/ HTTP/1.1" 200 13955
[03/Oct/2026 11:07:11] "GET /api/users/contracts/ HTTP/1.1" 200 13955
[03/Oct/2026 11:07:12] "GET /api/users/contracts/ HTTP/1.1" 200 13955
[03/Oct/2026 11:07:15] "GET /api/commissions/requests/?role=artist&user_email=halsey%40gmail.com HTTP/1.1" 200 2
[03/Oct/2026 11:07:15] "GET /api/users/notifications/ HTTP/1.1" 200 3180
[03/Oct/2026 11:07:15] "GET /api/users/contracts/ HTTP/1.1" 200 13955
[03/Oct/2026 11:07:15] "GET /api/users/contracts/ HTTP/1.1" 200 13955
[03/Oct/2026 11:07:15] "GET /api/users/contracts/ HTTP/1.1" 200 13955
[03/Oct/2026 11:07:17] "GET /api/users/notifications/ HTTP/1.1" 200 3180
[03/Oct/2026 11:07:17] "GET /api/users/contracts/ HTTP/1.1" 200 13955
[03/Oct/2026 11:07:45] "GET /api/users/notifications/ HTTP/1.1" 200 3180
[03/Oct/2026 11:07:45] "GET /api/commissions/requests/?role=artist&user_email=halsey%40gmail.com HTTP/1.1" 200 2
[03/Oct/2026 11:07:45] "GET /api/users/notifications/ HTTP/1.1" 200 3180
[03/Oct/2026 11:07:45] "GET /api/users/contracts/ HTTP/1.1" 200 13955
[03/Oct/2026 11:07:45] "GET /api/users/notifications/ HTTP/1.1" 200 3180
[03/Oct/2026 11:07:45] "GET /api/users/contracts/ HTTP/1.1" 200 13955
[03/Oct/2026 11:07:45] "GET /api/users/notifications/ HTTP/1.1" 200 3180
[03/Oct/2026 11:07:45] "GET /api/users/contracts/ HTTP/1.1" 200 13955
[03/Oct/2026 11:07:46] "GET /api/users/contracts/ HTTP/1.1" 200 13955
[03/Oct/2026 11:07:47] "GET /api/users/notifications/ HTTP/1.1" 200 3180
[03/Oct/2026 11:08:17] "GET /api/users/notifications/ HTTP/1.1" 200 3180
[03/Oct/2026 11:08:23] "GET /api/users/notifications/ HTTP/1.1" 200 37
[03/Oct/2026 11:08:24] "GET /api/users/contracts/ HTTP/1.1" 200 31
[03/Oct/2026 11:08:25] "GET /api/users/contracts/ HTTP/1.1" 200 31
[03/Oct/2026 11:08:28] "GET /api/users/notifications/ HTTP/1.1" 200 37
[03/Oct/2026 11:08:30] "GET /api/users/contracts/ HTTP/1.1" 200 31
[03/Oct/2026 11:08:36] "GET /api/users/contracts/ HTTP/1.1" 200 31
[03/Oct/2026 11:08:41] "GET /api/users/contracts/ HTTP/1.1" 200 31
[03/Oct/2026 11:08:41] "GET /api/blockchain/artworks/34/verify/ HTTP/1.1" 200 7450
[03/Oct/2026 11:08:45] "GET /api/commissions/requests/?role=artist&user_email=halsey%40gmail.com HTTP/1.1" 200 2
[03/Oct/2026 11:08:45] "GET /api/users/notifications/ HTTP/1.1" 200 3180
[03/Oct/2026 11:08:45] "GET /api/users/notifications/ HTTP/1.1" 200 3180
[03/Oct/2026 11:08:45] "GET /api/users/contracts/ HTTP/1.1" 200 13955
[03/Oct/2026 11:08:45] "GET /api/users/notifications/ HTTP/1.1" 200 3180
[03/Oct/2026 11:08:46] "GET /api/users/notifications/ HTTP/1.1" 200 3180
[03/Oct/2026 11:08:46] "GET /api/users/contracts/ HTTP/1.1" 200 13955
[03/Oct/2026 11:08:46] "GET /api/users/contracts/ HTTP/1.1" 200 13955
[03/Oct/2026 11:08:46] "GET /api/users/contracts/ HTTP/1.1" 200 31
[03/Oct/2026 11:08:46] "GET /api/users/contracts/ HTTP/1.1" 200 13955
[03/Oct/2026 11:08:47] "GET /api/users/notifications/ HTTP/1.1" 200 3180
[03/Oct/2026 11:08:51] "GET /api/users/contracts/ HTTP/1.1" 200 31
[03/Oct/2026 11:08:56] "GET /api/users/contracts/ HTTP/1.1" 200 31
[03/Oct/2026 11:08:58] "GET /api/users/notifications/ HTTP/1.1" 200 37
[03/Oct/2026 11:09:01] "GET /api/users/contracts/ HTTP/1.1" 200 31
[03/Oct/2026 11:09:06] "GET /api/users/contracts/ HTTP/1.1" 200 31
[03/Oct/2026 11:09:11] "GET /api/users/contracts/ HTTP/1.1" 200 31
[03/Oct/2026 11:09:16] "GET /api/users/contracts/ HTTP/1.1" 200 31
[03/Oct/2026 11:09:17] "GET /api/users/notifications/ HTTP/1.1" 200 3180
[03/Oct/2026 11:09:21] "GET /api/users/contracts/ HTTP/1.1" 200 31
[03/Oct/2026 11:09:26] "GET /api/users/contracts/ HTTP/1.1" 200 31
[03/Oct/2026 11:09:28] "GET /api/users/notifications/ HTTP/1.1" 200 37
[03/Oct/2026 11:09:38] "GET /api/commissions/requests/?role=artist&user_email=halsey%40gmail.com HTTP/1.1" 200 2
[03/Oct/2026 11:09:38] "GET /api/users/notifications/ HTTP/1.1" 200 3180
[03/Oct/2026 11:09:38] "GET /api/users/notifications/ HTTP/1.1" 200 3180
[03/Oct/2026 11:09:38] "GET /api/users/contracts/ HTTP/1.1" 200 13955
[03/Oct/2026 11:09:38] "GET /api/users/notifications/ HTTP/1.1" 200 3180
[03/Oct/2026 11:09:38] "GET /api/users/notifications/ HTTP/1.1" 200 3180
[03/Oct/2026 11:09:38] "GET /api/users/contracts/ HTTP/1.1" 200 13955
[03/Oct/2026 11:09:38] "GET /api/users/contracts/ HTTP/1.1" 200 13955
[03/Oct/2026 11:09:39] "GET /api/users/contracts/ HTTP/1.1" 200 13955
[03/Oct/2026 11:09:39] "GET /api/users/contracts/ HTTP/1.1" 200 13955
[03/Oct/2026 11:09:39] "GET /api/users/contracts/ HTTP/1.1" 200 13955
[03/Oct/2026 11:09:40] "GET /api/users/contracts/ HTTP/1.1" 200 13955
[03/Oct/2026 11:09:40] "OPTIONS /api/blockchain/artworks/34/proof/ HTTP/1.1" 200 0
[03/Oct/2026 11:09:40] "GET /api/blockchain/artworks/34/proof/ HTTP/1.1" 200 242
[03/Oct/2026 11:09:40] "GET /auth/me/ HTTP/1.1" 200 361
[03/Oct/2026 11:09:40] "GET /api/users/artworks/34/ HTTP/1.1" 200 132024
[03/Oct/2026 11:09:40] "GET /api/users/artworks/34/reviews/ HTTP/1.1" 200 53
[03/Oct/2026 11:09:41] "POST /api/cart/ HTTP/1.1" 201 3397314
[03/Oct/2026 11:09:42] "GET /api/users/contracts/ HTTP/1.1" 200 13955
[03/Oct/2026 11:09:44] "GET /api/commissions/requests/?role=artist&user_email=halsey%40gmail.com HTTP/1.1" 200 2
[03/Oct/2026 11:09:44] "GET /api/users/notifications/ HTTP/1.1" 200 3180
[03/Oct/2026 11:09:44] "GET /api/cart/ HTTP/1.1" 200 3397314
[03/Oct/2026 11:09:44] "GET /api/users/contracts/ HTTP/1.1" 200 13955
[03/Oct/2026 11:09:45] "GET /api/users/artworks/22/ HTTP/1.1" 200 200568
[03/Oct/2026 11:09:45] "GET /api/users/artworks/32/ HTTP/1.1" 200 196820
[03/Oct/2026 11:09:45] "GET /api/users/artworks/29/ HTTP/1.1" 200 34191
[03/Oct/2026 11:09:45] "GET /api/users/artworks/28/ HTTP/1.1" 200 2845349
[03/Oct/2026 11:09:45] "GET /api/users/contracts/ HTTP/1.1" 200 13955
[03/Oct/2026 11:09:45] "GET /api/users/artworks/30/ HTTP/1.1" 200 439050
[03/Oct/2026 11:09:45] "GET /api/users/artworks/27/ HTTP/1.1" 200 77299
[03/Oct/2026 11:09:45] "GET /api/users/artworks/26/ HTTP/1.1" 200 31726
[03/Oct/2026 11:09:45] "GET /api/users/artworks/25/ HTTP/1.1" 200 134336
[03/Oct/2026 11:09:45] "GET /api/users/artworks/24/ HTTP/1.1" 200 183201
[03/Oct/2026 11:09:45] "GET /api/users/contracts/ HTTP/1.1" 200 31
[03/Oct/2026 11:09:45] "GET /api/users/artworks/23/ HTTP/1.1" 200 57758
[03/Oct/2026 11:09:45] "GET /api/users/artworks/21/ HTTP/1.1" 200 385741
[03/Oct/2026 11:09:45] "GET /api/users/artworks/18/ HTTP/1.1" 200 90979
[03/Oct/2026 11:09:45] "GET /api/users/artworks/20/ HTTP/1.1" 200 33297
[03/Oct/2026 11:09:45] "GET /api/users/contracts/ HTTP/1.1" 200 13955
[03/Oct/2026 11:09:46] "GET /api/users/contracts/ HTTP/1.1" 200 13955
[03/Oct/2026 11:09:46] "GET /api/users/notifications/ HTTP/1.1" 200 3180
[03/Oct/2026 11:09:46] "GET /api/users/contracts/ HTTP/1.1" 200 13955
[03/Oct/2026 11:09:49] "OPTIONS /api/users/contracts/artworks/34/ HTTP/1.1" 200 0
[03/Oct/2026 11:09:49] "GET /api/users/contracts/artworks/34/ HTTP/1.1" 200 131769
[03/Oct/2026 11:09:49] "GET /api/cart/ HTTP/1.1" 200 3397314
[03/Oct/2026 11:09:49] "GET /api/users/contracts/ HTTP/1.1" 200 13955
[03/Oct/2026 11:09:49] "GET /api/users/contracts/ HTTP/1.1" 200 13955
[03/Oct/2026 11:09:50] "GET /api/users/contracts/ HTTP/1.1" 200 13955
[03/Oct/2026 11:09:50] "GET /api/users/contracts/ HTTP/1.1" 200 13955
[03/Oct/2026 11:09:51] "GET /api/users/contracts/ HTTP/1.1" 200 13955
[03/Oct/2026 11:09:54] "GET /api/cart/ HTTP/1.1" 200 3397314
[03/Oct/2026 11:09:54] "GET /api/users/contracts/ HTTP/1.1" 200 13955
[03/Oct/2026 11:09:55] "GET /api/users/contracts/ HTTP/1.1" 200 13955
[03/Oct/2026 11:09:55] "GET /api/users/contracts/ HTTP/1.1" 200 13955
[03/Oct/2026 11:09:55] "GET /api/users/contracts/ HTTP/1.1" 200 13955
[03/Oct/2026 11:09:55] "GET /api/users/contracts/ HTTP/1.1" 200 13955
[03/Oct/2026 11:09:57] "GET /api/users/contracts/ HTTP/1.1" 200 13955
[03/Oct/2026 11:09:57] "GET /api/users/notifications/ HTTP/1.1" 200 3180
[03/Oct/2026 11:09:57] "GET /api/users/contracts/ HTTP/1.1" 200 13955
[03/Oct/2026 11:09:59] "GET /api/users/notifications/ HTTP/1.1" 200 3180
[03/Oct/2026 11:09:59] "GET /api/commissions/requests/?role=artist&user_email=halsey%40gmail.com HTTP/1.1" 200 2
[03/Oct/2026 11:09:59] "GET /api/users/notifications/ HTTP/1.1" 200 3180
[03/Oct/2026 11:09:59] "GET /api/cart/ HTTP/1.1" 200 3397314
[03/Oct/2026 11:09:59] "GET /api/users/contracts/ HTTP/1.1" 200 13955
[03/Oct/2026 11:09:59] "GET /api/users/contracts/ HTTP/1.1" 200 13955
[03/Oct/2026 11:10:00] "GET /api/users/contracts/ HTTP/1.1" 200 13955
[03/Oct/2026 11:10:00] "GET /api/users/contracts/ HTTP/1.1" 200 13955
[03/Oct/2026 11:10:02] "GET /api/users/contracts/ HTTP/1.1" 200 13955
[03/Oct/2026 11:10:04] "GET /api/users/notifications/ HTTP/1.1" 200 3180
[03/Oct/2026 11:10:04] "GET /api/cart/ HTTP/1.1" 200 3397314
[03/Oct/2026 11:10:04] "GET /api/users/contracts/ HTTP/1.1" 200 13955
[03/Oct/2026 11:10:04] "GET /api/users/contracts/ HTTP/1.1" 200 13955
[03/Oct/2026 11:10:05] "GET /api/users/contracts/ HTTP/1.1" 200 13955
[03/Oct/2026 11:10:05] "GET /api/users/contracts/ HTTP/1.1" 200 13955
[03/Oct/2026 11:10:06] "GET /api/users/contracts/artworks/34/ HTTP/1.1" 200 131769
[03/Oct/2026 11:10:07] "GET /api/users/contracts/ HTTP/1.1" 200 13955
[03/Oct/2026 11:10:09] "GET /api/cart/ HTTP/1.1" 200 3397314
[03/Oct/2026 11:10:09] "GET /api/users/contracts/ HTTP/1.1" 200 13955
[03/Oct/2026 11:10:09] "GET /api/users/contracts/ HTTP/1.1" 200 13955
[03/Oct/2026 11:10:10] "GET /api/users/contracts/ HTTP/1.1" 200 13955
[03/Oct/2026 11:10:10] "GET /api/users/contracts/ HTTP/1.1" 200 13955
[03/Oct/2026 11:10:10] "POST /api/users/contracts/artworks/34/ HTTP/1.1" 201 824
[03/Oct/2026 11:10:11] "GET /api/users/contracts/artworks/34/ HTTP/1.1" 200 132596
[03/Oct/2026 11:10:11] "GET /api/users/contracts/ HTTP/1.1" 200 14783
[03/Oct/2026 11:10:12] "GET /api/users/contracts/ HTTP/1.1" 200 14783
[03/Oct/2026 11:10:14] "GET /api/commissions/requests/?role=artist&user_email=halsey%40gmail.com HTTP/1.1" 200 2
[03/Oct/2026 11:10:14] "GET /api/users/notifications/ HTTP/1.1" 200 3180
[03/Oct/2026 11:10:14] "GET /api/users/contracts/ HTTP/1.1" 200 14783
[03/Oct/2026 11:10:14] "GET /api/cart/ HTTP/1.1" 200 3397314
[03/Oct/2026 11:10:14] "GET /api/users/contracts/ HTTP/1.1" 200 14783
[03/Oct/2026 11:10:15] "GET /api/users/contracts/ HTTP/1.1" 200 14783
[03/Oct/2026 11:10:15] "GET /api/users/contracts/ HTTP/1.1" 200 14783
[03/Oct/2026 11:10:16] "GET /api/users/contracts/ HTTP/1.1" 200 14783
[03/Oct/2026 11:10:16] "GET /api/users/contracts/artworks/34/ HTTP/1.1" 200 132596
[03/Oct/2026 11:10:16] "GET /api/users/notifications/ HTTP/1.1" 200 3180
[03/Oct/2026 11:10:16] "GET /api/users/contracts/ HTTP/1.1" 200 14783
[03/Oct/2026 11:10:17] "GET /api/users/contracts/ HTTP/1.1" 200 14783
[03/Oct/2026 11:10:19] "GET /api/cart/ HTTP/1.1" 200 3397314
[03/Oct/2026 11:10:19] "GET /api/users/contracts/ HTTP/1.1" 200 14783
[03/Oct/2026 11:10:20] "GET /api/users/contracts/ HTTP/1.1" 200 14783
[03/Oct/2026 11:10:20] "GET /api/users/contracts/ HTTP/1.1" 200 14783
[03/Oct/2026 11:10:20] "GET /api/users/contracts/ HTTP/1.1" 200 14783
[03/Oct/2026 11:10:20] "GET /auth/me/ HTTP/1.1" 200 361
[03/Oct/2026 11:10:21] "GET /api/users/notifications/ HTTP/1.1" 200 3180
[03/Oct/2026 11:10:21] "GET /api/commissions/requests/?role=buyer&user_email=halsey%40gmail.com HTTP/1.1" 200 1929
[03/Oct/2026 11:10:21] "GET /api/wallet/ HTTP/1.1" 200 109
[03/Oct/2026 11:10:21] "GET /api/purchases/ HTTP/1.1" 200 7429009
[03/Oct/2026 11:10:21] "GET /api/users/contracts/ HTTP/1.1" 200 14783
[03/Oct/2026 11:10:24] "GET /api/users/contracts/ HTTP/1.1" 200 14783
[03/Oct/2026 11:10:24] "GET /api/users/contracts/ HTTP/1.1" 200 14783
[03/Oct/2026 11:10:25] "GET /api/users/contracts/ HTTP/1.1" 200 14783
[03/Oct/2026 11:10:27] "GET /api/users/artworks/34/ HTTP/1.1" 200 132024
[03/Oct/2026 11:10:27] "GET /api/users/artworks/19/ HTTP/1.1" 200 105610
[03/Oct/2026 11:10:27] "GET /api/users/artworks/2/ HTTP/1.1" 200 2914948
[03/Oct/2026 11:10:32] "POST /auth/login/ HTTP/1.1" 200 172
[03/Oct/2026 11:10:32] "GET /auth/me/ HTTP/1.1" 200 363
[03/Oct/2026 11:10:32] "GET /api/cart/ HTTP/1.1" 200 24
[03/Oct/2026 11:10:32] "GET /api/users/contracts/ HTTP/1.1" 200 13937
[03/Oct/2026 11:10:32] "GET /auth/me/ HTTP/1.1" 200 363
[03/Oct/2026 11:10:32] "GET /auth/me/ HTTP/1.1" 200 363
[03/Oct/2026 11:10:33] "GET /api/users/contracts/ HTTP/1.1" 200 13937
[03/Oct/2026 11:10:33] "GET /api/users/contracts/ HTTP/1.1" 200 13937
[03/Oct/2026 11:10:34] "GET /api/users/notifications/ HTTP/1.1" 200 4541
[03/Oct/2026 11:10:34] "GET /auth/me/ HTTP/1.1" 200 363
[03/Oct/2026 11:10:34] "GET /api/users/notifications/ HTTP/1.1" 200 4541
[03/Oct/2026 11:10:34] "GET /auth/me/ HTTP/1.1" 200 363
[03/Oct/2026 11:10:34] "GET /api/users/artworks/ HTTP/1.1" 200 7761663
[03/Oct/2026 11:10:35] "GET /api/users/contracts/ HTTP/1.1" 200 13937
[03/Oct/2026 11:10:37] "GET /api/users/contracts/ HTTP/1.1" 200 13937
[03/Oct/2026 11:10:37] "GET /api/users/contracts/ HTTP/1.1" 200 13937
[03/Oct/2026 11:10:38] "GET /api/users/contracts/ HTTP/1.1" 200 13937
[03/Oct/2026 11:10:38] "GET /api/cart/ HTTP/1.1" 200 24
[03/Oct/2026 11:10:38] "GET /api/users/contracts/ HTTP/1.1" 200 13937
[03/Oct/2026 11:10:38] "OPTIONS /api/users/artworks/34/ HTTP/1.1" 200 0
[03/Oct/2026 11:10:38] "GET /api/users/artworks/32/ HTTP/1.1" 200 196820
[03/Oct/2026 11:10:38] "GET /api/users/artworks/30/ HTTP/1.1" 200 439050
[03/Oct/2026 11:10:38] "GET /api/users/artworks/29/ HTTP/1.1" 200 34191
[03/Oct/2026 11:10:38] "GET /api/users/artworks/22/ HTTP/1.1" 200 200568
[03/Oct/2026 11:10:38] "GET /api/users/artworks/34/ HTTP/1.1" 200 132024
[03/Oct/2026 11:10:38] "GET /api/users/artworks/28/ HTTP/1.1" 200 2845349
[03/Oct/2026 11:10:38] "GET /api/users/artworks/24/ HTTP/1.1" 200 183201
[03/Oct/2026 11:10:38] "GET /api/users/artworks/25/ HTTP/1.1" 200 134336
[03/Oct/2026 11:10:38] "GET /api/users/artworks/23/ HTTP/1.1" 200 57758
[03/Oct/2026 11:10:38] "GET /api/users/artworks/26/ HTTP/1.1" 200 31726
[03/Oct/2026 11:10:38] "GET /api/users/artworks/27/ HTTP/1.1" 200 77299
[03/Oct/2026 11:10:39] "GET /api/users/artworks/21/ HTTP/1.1" 200 385741
[03/Oct/2026 11:10:39] "GET /api/users/artworks/18/ HTTP/1.1" 200 90979
[03/Oct/2026 11:10:39] "GET /api/users/artworks/20/ HTTP/1.1" 200 33297
[03/Oct/2026 11:10:39] "GET /api/users/artworks/19/ HTTP/1.1" 200 105610
[03/Oct/2026 11:10:39] "GET /api/users/contracts/ HTTP/1.1" 200 13937
[03/Oct/2026 11:10:42] "GET /api/users/notifications/ HTTP/1.1" 200 4541
[03/Oct/2026 11:10:42] "GET /auth/me/ HTTP/1.1" 200 363
[03/Oct/2026 11:10:42] "GET /api/users/artworks/ HTTP/1.1" 200 7761663
[03/Oct/2026 11:10:42] "GET /api/users/contracts/ HTTP/1.1" 200 13937
[03/Oct/2026 11:10:43] "GET /api/users/contracts/ HTTP/1.1" 200 13937
[03/Oct/2026 11:10:43] "GET /api/users/contracts/ HTTP/1.1" 200 13937
[03/Oct/2026 11:10:43] "GET /api/users/contracts/ HTTP/1.1" 200 13937
[03/Oct/2026 11:10:44] "GET /auth/chat-users/ HTTP/1.1" 200 1550
[03/Oct/2026 11:10:44] "GET /auth/me/ HTTP/1.1" 200 363
[03/Oct/2026 11:10:44] "GET /api/users/contracts/ HTTP/1.1" 200 13937
[03/Oct/2026 11:10:44] "GET /api/users/notifications/ HTTP/1.1" 200 4541
[03/Oct/2026 11:10:44] "GET /api/commissions/requests/?role=artist&user_email=adele%40gmail.com HTTP/1.1" 200 1929
[03/Oct/2026 11:10:44] "GET /api/users/contracts/ HTTP/1.1" 200 13937
[03/Oct/2026 11:10:45] "GET /api/users/notifications/ HTTP/1.1" 200 37
[03/Oct/2026 11:10:45] "GET /api/users/contracts/ HTTP/1.1" 200 31
[03/Oct/2026 11:10:45] "GET /api/users/contracts/ HTTP/1.1" 200 13937
[03/Oct/2026 11:10:46] "OPTIONS /api/users/contracts/read/ HTTP/1.1" 200 0
[03/Oct/2026 11:10:46] "POST /api/users/contracts/read/ HTTP/1.1" 200 11
[03/Oct/2026 11:10:47] "GET /api/users/contracts/ HTTP/1.1" 200 13937
[03/Oct/2026 11:10:47] "GET /api/users/contracts/ HTTP/1.1" 200 13937
[03/Oct/2026 11:10:48] "GET /api/users/contracts/ HTTP/1.1" 200 13937
[03/Oct/2026 11:10:48] "GET /api/users/contracts/ HTTP/1.1" 200 13937
[03/Oct/2026 11:10:49] "GET /api/users/contracts/ HTTP/1.1" 200 13937
[03/Oct/2026 11:10:50] "GET /api/users/contracts/ HTTP/1.1" 200 13937
[03/Oct/2026 11:10:51] "OPTIONS /api/users/contracts/18/ HTTP/1.1" 200 0
[03/Oct/2026 11:10:51] "PATCH /api/users/contracts/18/ HTTP/1.1" 200 827
[03/Oct/2026 11:10:51] "OPTIONS /api/users/contracts/18/sign/ HTTP/1.1" 200 0
[03/Oct/2026 11:10:51] "GET /api/users/contracts/18/sign/ HTTP/1.1" 200 2598
[03/Oct/2026 11:10:51] "GET /api/users/contracts/ HTTP/1.1" 200 13935
[03/Oct/2026 11:10:52] "GET /api/users/contracts/ HTTP/1.1" 200 13935
[03/Oct/2026 11:10:52] "GET /api/users/contracts/ HTTP/1.1" 200 13935
[03/Oct/2026 11:10:53] "GET /api/users/contracts/ HTTP/1.1" 200 13935
[03/Oct/2026 11:10:53] "GET /api/users/contracts/ HTTP/1.1" 200 13935
[03/Oct/2026 11:10:54] "GET /api/users/contracts/ HTTP/1.1" 200 13935
[03/Oct/2026 11:10:56] "GET /api/users/contracts/ HTTP/1.1" 200 13935
[03/Oct/2026 11:10:57] "GET /api/users/notifications/ HTTP/1.1" 200 4541
[03/Oct/2026 11:10:57] "GET /api/users/contracts/ HTTP/1.1" 200 13935
[03/Oct/2026 11:10:57] "GET /api/users/contracts/ HTTP/1.1" 200 13935
[03/Oct/2026 11:10:58] "GET /api/users/contracts/ HTTP/1.1" 200 13935
[03/Oct/2026 11:10:58] "GET /api/users/contracts/ HTTP/1.1" 200 13935
[03/Oct/2026 11:10:59] "GET /api/users/notifications/ HTTP/1.1" 200 4541
[03/Oct/2026 11:10:59] "GET /api/commissions/requests/?role=artist&user_email=adele%40gmail.com HTTP/1.1" 200 1929
[03/Oct/2026 11:10:59] "GET /api/users/notifications/ HTTP/1.1" 200 4541
[03/Oct/2026 11:10:59] "GET /api/users/contracts/ HTTP/1.1" 200 13935
[03/Oct/2026 11:11:00] "POST /api/users/contracts/18/sign/ HTTP/1.1" 200 8761
[03/Oct/2026 11:11:00] "GET /api/users/contracts/ HTTP/1.1" 200 13935
[03/Oct/2026 11:11:01] "GET /api/users/contracts/ HTTP/1.1" 200 13935
[03/Oct/2026 11:11:02] "GET /api/users/contracts/ HTTP/1.1" 200 13935
[03/Oct/2026 11:11:02] "GET /api/users/contracts/ HTTP/1.1" 200 13935
[03/Oct/2026 11:11:03] "GET /api/users/contracts/ HTTP/1.1" 200 13935
[03/Oct/2026 11:11:03] "GET /api/users/contracts/ HTTP/1.1" 200 13935
[03/Oct/2026 11:11:04] "GET /api/users/notifications/ HTTP/1.1" 200 4541
[03/Oct/2026 11:11:04] "GET /api/users/notifications/ HTTP/1.1" 200 4541
[03/Oct/2026 11:11:04] "GET /api/users/contracts/ HTTP/1.1" 200 13935
[03/Oct/2026 11:11:06] "GET /api/users/contracts/ HTTP/1.1" 200 13935
[03/Oct/2026 11:11:06] "GET /auth/chat-users/ HTTP/1.1" 200 1550
[03/Oct/2026 11:11:06] "GET /auth/me/ HTTP/1.1" 200 363
[03/Oct/2026 11:11:06] "GET /api/users/contracts/ HTTP/1.1" 200 13935
[03/Oct/2026 11:11:07] "GET /api/users/contracts/ HTTP/1.1" 200 13935
[03/Oct/2026 11:11:07] "GET /api/users/contracts/ HTTP/1.1" 200 13935
[03/Oct/2026 11:11:07] "GET /api/users/contracts/ HTTP/1.1" 200 13935
[03/Oct/2026 11:11:08] "GET /api/users/contracts/ HTTP/1.1" 200 13935
[03/Oct/2026 11:11:09] "GET /api/users/contracts/ HTTP/1.1" 200 13935
[03/Oct/2026 11:11:11] "GET /auth/me/ HTTP/1.1" 200 363
[03/Oct/2026 11:11:11] "GET /api/users/notifications/ HTTP/1.1" 200 4541
[03/Oct/2026 11:11:11] "GET /api/commissions/requests/?role=artist&user_email=adele%40gmail.com HTTP/1.1" 200 1929
[03/Oct/2026 11:11:12] "GET /api/purchases/ HTTP/1.1" 200 2
[03/Oct/2026 11:11:12] "GET /api/wallet/ HTTP/1.1" 200 1188
[03/Oct/2026 11:11:12] "GET /api/users/notifications/ HTTP/1.1" 200 4541
[03/Oct/2026 11:11:12] "GET /api/users/contracts/ HTTP/1.1" 200 13935
[03/Oct/2026 11:11:12] "GET /api/users/contracts/ HTTP/1.1" 200 13935
[03/Oct/2026 11:11:13] "GET /api/users/contracts/ HTTP/1.1" 200 13935
[03/Oct/2026 11:11:13] "GET /api/users/contracts/ HTTP/1.1" 200 13935
[03/Oct/2026 11:11:14] "GET /api/commissions/requests/?role=artist&user_email=adele%40gmail.com HTTP/1.1" 200 1929
[03/Oct/2026 11:11:14] "GET /api/users/notifications/ HTTP/1.1" 200 4541
[03/Oct/2026 11:11:14] "GET /api/users/contracts/ HTTP/1.1" 200 13935
[03/Oct/2026 11:11:20] "POST /auth/login/ HTTP/1.1" 200 173
[03/Oct/2026 11:11:20] "GET /api/cart/ HTTP/1.1" 200 3397314
[03/Oct/2026 11:11:20] "GET /auth/me/ HTTP/1.1" 200 361
[03/Oct/2026 11:11:20] "GET /auth/me/ HTTP/1.1" 200 361
[03/Oct/2026 11:11:20] "GET /api/users/contracts/ HTTP/1.1" 200 14782
[03/Oct/2026 11:11:20] "GET /auth/me/ HTTP/1.1" 200 361
[03/Oct/2026 11:11:20] "GET /api/users/contracts/ HTTP/1.1" 200 14782
[03/Oct/2026 11:11:20] "GET /api/users/contracts/ HTTP/1.1" 200 14782
[03/Oct/2026 11:11:22] "GET /auth/me/ HTTP/1.1" 200 361
[03/Oct/2026 11:11:22] "GET /api/users/notifications/ HTTP/1.1" 200 3180
[03/Oct/2026 11:11:22] "GET /auth/me/ HTTP/1.1" 200 361
[03/Oct/2026 11:11:22] "GET /api/users/artworks/ HTTP/1.1" 200 7761663
[03/Oct/2026 11:11:22] "GET /api/users/contracts/ HTTP/1.1" 200 14782
[03/Oct/2026 11:11:25] "GET /api/users/contracts/ HTTP/1.1" 200 14782
[03/Oct/2026 11:11:25] "GET /api/users/contracts/ HTTP/1.1" 200 14782
[03/Oct/2026 11:11:25] "GET /api/cart/ HTTP/1.1" 200 3397314
[03/Oct/2026 11:11:26] "GET /api/users/contracts/ HTTP/1.1" 200 14782
[03/Oct/2026 11:11:26] "GET /api/users/contracts/ HTTP/1.1" 200 14782
[03/Oct/2026 11:11:26] "GET /api/users/artworks/30/ HTTP/1.1" 200 439050
[03/Oct/2026 11:11:26] "GET /api/users/artworks/27/ HTTP/1.1" 200 77299
[03/Oct/2026 11:11:26] "GET /api/users/artworks/29/ HTTP/1.1" 200 34191
[03/Oct/2026 11:11:26] "GET /api/users/artworks/32/ HTTP/1.1" 200 196820
[03/Oct/2026 11:11:26] "GET /api/users/artworks/22/ HTTP/1.1" 200 200568
[03/Oct/2026 11:11:26] "GET /api/users/artworks/28/ HTTP/1.1" 200 2845349
[03/Oct/2026 11:11:26] "GET /api/users/artworks/26/ HTTP/1.1" 200 31726
[03/Oct/2026 11:11:26] "GET /api/users/artworks/25/ HTTP/1.1" 200 134336
[03/Oct/2026 11:11:26] "GET /api/users/artworks/24/ HTTP/1.1" 200 183201
[03/Oct/2026 11:11:26] "GET /api/users/artworks/23/ HTTP/1.1" 200 57758
[03/Oct/2026 11:11:26] "GET /api/users/artworks/21/ HTTP/1.1" 200 385741
[03/Oct/2026 11:11:26] "GET /api/users/artworks/18/ HTTP/1.1" 200 90979
[03/Oct/2026 11:11:26] "GET /api/users/artworks/20/ HTTP/1.1" 200 33297
[03/Oct/2026 11:11:27] "GET /api/users/contracts/ HTTP/1.1" 200 14782
[03/Oct/2026 11:11:27] "GET /api/users/notifications/ HTTP/1.1" 200 3180
[03/Oct/2026 11:11:29] "GET /api/users/notifications/ HTTP/1.1" 200 3180
[03/Oct/2026 11:11:29] "GET /api/commissions/requests/?role=artist&user_email=halsey%40gmail.com HTTP/1.1" 200 2
[03/Oct/2026 11:11:29] "GET /api/users/notifications/ HTTP/1.1" 200 3180
[03/Oct/2026 11:11:30] "GET /api/users/contracts/ HTTP/1.1" 200 14782
[03/Oct/2026 11:11:30] "GET /api/users/contracts/ HTTP/1.1" 200 14782
[03/Oct/2026 11:11:30] "GET /api/cart/ HTTP/1.1" 200 3397314
[03/Oct/2026 11:11:30] "GET /api/users/contracts/ HTTP/1.1" 200 14782
[03/Oct/2026 11:11:31] "GET /api/users/contracts/ HTTP/1.1" 200 14782
[03/Oct/2026 11:11:32] "GET /auth/me/ HTTP/1.1" 200 361
[03/Oct/2026 11:11:32] "GET /api/users/notifications/ HTTP/1.1" 200 3180
[03/Oct/2026 11:11:32] "GET /api/users/artworks/ HTTP/1.1" 200 7761663
[03/Oct/2026 11:11:32] "GET /api/users/contracts/ HTTP/1.1" 200 14782
[03/Oct/2026 11:11:32] "GET /api/users/contracts/ HTTP/1.1" 200 14782
[03/Oct/2026 11:11:33] "GET /auth/me/ HTTP/1.1" 200 361
[03/Oct/2026 11:11:33] "GET /auth/chat-users/ HTTP/1.1" 200 1550
[03/Oct/2026 11:11:33] "GET /api/users/contracts/ HTTP/1.1" 200 14782
[03/Oct/2026 11:11:34] "GET /api/users/notifications/ HTTP/1.1" 200 3180
[03/Oct/2026 11:11:35] "GET /api/users/contracts/ HTTP/1.1" 200 14782
[03/Oct/2026 11:11:35] "GET /api/users/contracts/ HTTP/1.1" 200 14782
[03/Oct/2026 11:11:35] "GET /api/users/contracts/ HTTP/1.1" 200 14782
[03/Oct/2026 11:11:35] "GET /api/users/contracts/ HTTP/1.1" 200 14782
[03/Oct/2026 11:11:37] "GET /api/users/contracts/ HTTP/1.1" 200 14782
[03/Oct/2026 11:11:37] "GET /api/users/contracts/ HTTP/1.1" 200 14782
[03/Oct/2026 11:11:40] "GET /api/users/contracts/ HTTP/1.1" 200 14782
[03/Oct/2026 11:11:40] "GET /api/users/contracts/18/sign/ HTTP/1.1" 200 8760
[03/Oct/2026 11:11:40] "GET /api/users/contracts/ HTTP/1.1" 200 14782
[03/Oct/2026 11:11:40] "GET /api/users/contracts/ HTTP/1.1" 200 14782
[03/Oct/2026 11:11:41] "GET /api/users/contracts/ HTTP/1.1" 200 14782
[03/Oct/2026 11:11:42] "GET /api/users/contracts/ HTTP/1.1" 200 14782
[03/Oct/2026 11:11:42] "GET /api/users/contracts/ HTTP/1.1" 200 14782
[03/Oct/2026 11:11:44] "GET /api/users/notifications/ HTTP/1.1" 200 3180
[03/Oct/2026 11:11:44] "GET /api/commissions/requests/?role=artist&user_email=halsey%40gmail.com HTTP/1.1" 200 2
[03/Oct/2026 11:11:45] "GET /api/users/contracts/ HTTP/1.1" 200 14782
[03/Oct/2026 11:11:45] "GET /api/users/notifications/ HTTP/1.1" 200 37
[03/Oct/2026 11:11:45] "GET /api/users/contracts/ HTTP/1.1" 200 31
[03/Oct/2026 11:11:45] "GET /api/users/contracts/ HTTP/1.1" 200 14782
[03/Oct/2026 11:11:45] "GET /api/users/contracts/ HTTP/1.1" 200 14782
[03/Oct/2026 11:11:46] "GET /api/users/contracts/ HTTP/1.1" 200 14782
[03/Oct/2026 11:11:47] "GET /api/users/contracts/ HTTP/1.1" 200 14782
[03/Oct/2026 11:11:47] "GET /api/users/contracts/ HTTP/1.1" 200 14782
[03/Oct/2026 11:11:50] "POST /api/users/contracts/18/sign/ HTTP/1.1" 200 15986
[03/Oct/2026 11:11:50] "GET /api/users/contracts/ HTTP/1.1" 200 14781
[03/Oct/2026 11:11:50] "GET /api/users/contracts/ HTTP/1.1" 200 14781
[03/Oct/2026 11:11:50] "GET /api/users/contracts/ HTTP/1.1" 200 14781
[03/Oct/2026 11:11:50] "GET /api/users/contracts/ HTTP/1.1" 200 14781
[03/Oct/2026 11:11:50] "GET /api/users/contracts/ HTTP/1.1" 200 14781
[03/Oct/2026 11:11:52] "GET /api/users/contracts/ HTTP/1.1" 200 14781
[03/Oct/2026 11:11:52] "GET /api/users/notifications/ HTTP/1.1" 200 3180
[03/Oct/2026 11:11:52] "GET /api/users/contracts/ HTTP/1.1" 200 14781
[03/Oct/2026 11:11:55] "GET /api/users/contracts/ HTTP/1.1" 200 14781
[03/Oct/2026 11:11:55] "GET /api/users/contracts/ HTTP/1.1" 200 14781
[03/Oct/2026 11:11:55] "GET /api/users/contracts/ HTTP/1.1" 200 14781
[03/Oct/2026 11:11:56] "GET /api/users/contracts/ HTTP/1.1" 200 14781
[03/Oct/2026 11:11:56] "GET /auth/chat-users/ HTTP/1.1" 200 1550
[03/Oct/2026 11:11:56] "GET /auth/me/ HTTP/1.1" 200 361
[03/Oct/2026 11:11:57] "GET /api/users/contracts/ HTTP/1.1" 200 14781
[03/Oct/2026 11:11:57] "GET /api/users/contracts/ HTTP/1.1" 200 14781
[03/Oct/2026 11:11:57] "GET /api/users/contracts/ HTTP/1.1" 200 14781
[03/Oct/2026 11:11:57] "GET /api/users/notifications/ HTTP/1.1" 200 3180
[03/Oct/2026 11:11:59] "GET /api/users/notifications/ HTTP/1.1" 200 3180
[03/Oct/2026 11:11:59] "GET /api/commissions/requests/?role=artist&user_email=halsey%40gmail.com HTTP/1.1" 200 2
[03/Oct/2026 11:11:59] "GET /api/users/notifications/ HTTP/1.1" 200 3180
[03/Oct/2026 11:12:00] "GET /api/users/contracts/ HTTP/1.1" 200 14781
[03/Oct/2026 11:12:00] "GET /api/users/contracts/ HTTP/1.1" 200 14781
[03/Oct/2026 11:12:01] "GET /api/users/contracts/ HTTP/1.1" 200 14781
[03/Oct/2026 11:12:01] "GET /api/cart/ HTTP/1.1" 200 3397314
[03/Oct/2026 11:12:01] "GET /api/users/contracts/ HTTP/1.1" 200 14781
[03/Oct/2026 11:12:01] "GET /api/users/artworks/27/ HTTP/1.1" 200 77299
[03/Oct/2026 11:12:01] "GET /api/users/artworks/32/ HTTP/1.1" 200 196820
[03/Oct/2026 11:12:01] "GET /api/users/artworks/22/ HTTP/1.1" 200 200568
[03/Oct/2026 11:12:01] "GET /api/users/artworks/28/ HTTP/1.1" 200 2845349
[03/Oct/2026 11:12:01] "GET /api/users/artworks/26/ HTTP/1.1" 200 31726
[03/Oct/2026 11:12:01] "GET /api/users/artworks/29/ HTTP/1.1" 200 34191
[03/Oct/2026 11:12:01] "GET /api/users/artworks/24/ HTTP/1.1" 200 183201
[03/Oct/2026 11:12:01] "GET /api/users/artworks/23/ HTTP/1.1" 200 57758
[03/Oct/2026 11:12:02] "GET /api/users/artworks/21/ HTTP/1.1" 200 385741
[03/Oct/2026 11:12:02] "GET /api/users/artworks/25/ HTTP/1.1" 200 134336
[03/Oct/2026 11:12:02] "GET /api/users/artworks/18/ HTTP/1.1" 200 90979
[03/Oct/2026 11:12:02] "GET /api/users/artworks/30/ HTTP/1.1" 200 439050
[03/Oct/2026 11:12:02] "GET /api/users/notifications/ HTTP/1.1" 200 3180
[03/Oct/2026 11:12:02] "GET /api/users/artworks/20/ HTTP/1.1" 200 33297
[03/Oct/2026 11:12:02] "GET /api/users/contracts/ HTTP/1.1" 200 14781
[03/Oct/2026 11:12:02] "GET /api/users/contracts/ HTTP/1.1" 200 14781
[03/Oct/2026 11:12:04] "GET /api/users/notifications/ HTTP/1.1" 200 3180
[03/Oct/2026 11:12:05] "GET /api/users/contracts/ HTTP/1.1" 200 14781
[03/Oct/2026 11:12:05] "GET /api/users/contracts/ HTTP/1.1" 200 14781
[03/Oct/2026 11:12:05] "GET /api/users/contracts/18/sign/ HTTP/1.1" 200 15986
[03/Oct/2026 11:12:05] "OPTIONS /api/checkout/agreements/18/ HTTP/1.1" 200 0
[03/Oct/2026 11:12:05] "GET /api/users/contracts/ HTTP/1.1" 200 14781
[03/Oct/2026 11:12:06] "GET /api/cart/ HTTP/1.1" 200 3397314
[03/Oct/2026 11:12:06] "GET /api/users/contracts/ HTTP/1.1" 200 14781
[03/Oct/2026 11:12:07] "GET /api/users/contracts/ HTTP/1.1" 200 14781
[03/Oct/2026 11:12:07] "GET /api/users/contracts/ HTTP/1.1" 200 14781
[03/Oct/2026 11:12:07] "POST /api/checkout/agreements/18/ HTTP/1.1" 201 93
[03/Oct/2026 11:12:08] "GET /api/purchases/ HTTP/1.1" 200 7429295
[03/Oct/2026 11:12:08] "OPTIONS /api/payments/35/refresh/ HTTP/1.1" 200 0
[03/Oct/2026 11:12:09] "POST /api/payments/35/refresh/ HTTP/1.1" 200 20
[03/Oct/2026 11:12:09] "GET /api/purchases/ HTTP/1.1" 200 7429295
[03/Oct/2026 11:12:11] "GET /api/cart/ HTTP/1.1" 200 3397314
[03/Oct/2026 11:12:11] "GET /api/users/contracts/ HTTP/1.1" 200 14781
[03/Oct/2026 11:12:12] "GET /api/users/contracts/ HTTP/1.1" 200 14781
[03/Oct/2026 11:12:12] "GET /api/users/contracts/ HTTP/1.1" 200 14781
[03/Oct/2026 11:12:12] "GET /api/users/contracts/ HTTP/1.1" 200 14781
[03/Oct/2026 11:12:13] "GET /api/users/contracts/ HTTP/1.1" 200 14781
[03/Oct/2026 11:12:13] "GET /api/users/contracts/ HTTP/1.1" 200 14781
[03/Oct/2026 11:12:13] "GET /api/purchases/ HTTP/1.1" 200 7429295
[03/Oct/2026 11:12:15] "GET /api/commissions/requests/?role=artist&user_email=halsey%40gmail.com HTTP/1.1" 200 2
[03/Oct/2026 11:12:15] "GET /api/users/notifications/ HTTP/1.1" 200 3180
[03/Oct/2026 11:12:16] "GET /api/cart/ HTTP/1.1" 200 3397314
[03/Oct/2026 11:12:16] "GET /api/users/contracts/ HTTP/1.1" 200 14781
[03/Oct/2026 11:12:16] "GET /api/users/contracts/ HTTP/1.1" 200 14781
[03/Oct/2026 11:12:16] "GET /api/users/contracts/ HTTP/1.1" 200 14781
[03/Oct/2026 11:12:17] "GET /api/users/contracts/ HTTP/1.1" 200 14781
[03/Oct/2026 11:12:17] "GET /api/users/contracts/ HTTP/1.1" 200 14781
[03/Oct/2026 11:12:17] "GET /api/users/contracts/ HTTP/1.1" 200 14781
[03/Oct/2026 11:12:18] "GET /api/purchases/ HTTP/1.1" 200 7429295
[03/Oct/2026 11:12:21] "GET /api/cart/ HTTP/1.1" 200 3397314
[03/Oct/2026 11:12:21] "GET /api/users/contracts/ HTTP/1.1" 200 14781
[03/Oct/2026 11:12:21] "GET /api/users/contracts/ HTTP/1.1" 200 14781
[03/Oct/2026 11:12:22] "GET /api/users/contracts/ HTTP/1.1" 200 14781
[03/Oct/2026 11:12:22] "GET /api/users/contracts/ HTTP/1.1" 200 14781
[03/Oct/2026 11:12:22] "GET /api/users/notifications/ HTTP/1.1" 200 3180
[03/Oct/2026 11:12:22] "GET /api/users/contracts/ HTTP/1.1" 200 14781
[03/Oct/2026 11:12:22] "GET /api/users/contracts/ HTTP/1.1" 200 14781
[03/Oct/2026 11:12:23] "GET /api/purchases/ HTTP/1.1" 200 7429295
[03/Oct/2026 11:12:26] "GET /api/cart/ HTTP/1.1" 200 3397314
[03/Oct/2026 11:12:26] "GET /api/users/contracts/ HTTP/1.1" 200 14781
[03/Oct/2026 11:12:26] "GET /api/users/contracts/ HTTP/1.1" 200 14781
[03/Oct/2026 11:12:27] "GET /api/users/contracts/ HTTP/1.1" 200 14781
[03/Oct/2026 11:12:27] "GET /api/users/contracts/ HTTP/1.1" 200 14781
[03/Oct/2026 11:12:27] "GET /api/users/contracts/ HTTP/1.1" 200 14781
[03/Oct/2026 11:12:27] "GET /api/users/contracts/ HTTP/1.1" 200 14781
[03/Oct/2026 11:12:28] "GET /api/users/notifications/ HTTP/1.1" 200 3180
[03/Oct/2026 11:12:28] "GET /api/purchases/ HTTP/1.1" 200 7429295
[03/Oct/2026 11:12:29] "GET /api/users/notifications/ HTTP/1.1" 200 3180
[03/Oct/2026 11:12:30] "GET /api/users/notifications/ HTTP/1.1" 200 3180
[03/Oct/2026 11:12:30] "GET /api/commissions/requests/?role=artist&user_email=halsey%40gmail.com HTTP/1.1" 200 2
[03/Oct/2026 11:12:31] "GET /api/cart/ HTTP/1.1" 200 3397314
[03/Oct/2026 11:12:31] "GET /api/users/contracts/ HTTP/1.1" 200 14781
[03/Oct/2026 11:12:31] "GET /api/users/contracts/ HTTP/1.1" 200 14781
[03/Oct/2026 11:12:32] "GET /api/users/contracts/ HTTP/1.1" 200 14781
[03/Oct/2026 11:12:32] "GET /api/users/contracts/ HTTP/1.1" 200 14781
[03/Oct/2026 11:12:32] "GET /api/users/notifications/ HTTP/1.1" 200 3180
[03/Oct/2026 11:12:32] "GET /api/users/contracts/ HTTP/1.1" 200 14781
[03/Oct/2026 11:12:33] "GET /api/users/contracts/ HTTP/1.1" 200 14781
[03/Oct/2026 11:12:33] "GET /api/purchases/ HTTP/1.1" 200 7429295
[03/Oct/2026 11:12:34] "GET /api/users/notifications/ HTTP/1.1" 200 3180
[03/Oct/2026 11:12:36] "GET /api/cart/ HTTP/1.1" 200 3397314
[03/Oct/2026 11:12:36] "GET /api/users/contracts/ HTTP/1.1" 200 14781
[03/Oct/2026 11:12:36] "GET /api/users/contracts/ HTTP/1.1" 200 14781
[03/Oct/2026 11:12:36] "GET /api/users/contracts/ HTTP/1.1" 200 14781
[03/Oct/2026 11:12:36] "GET /api/users/contracts/ HTTP/1.1" 200 14781
[03/Oct/2026 11:12:37] "GET /api/users/contracts/ HTTP/1.1" 200 14781
[03/Oct/2026 11:12:37] "GET /api/users/contracts/ HTTP/1.1" 200 14781
[03/Oct/2026 11:12:38] "GET /api/purchases/ HTTP/1.1" 200 7429295
[03/Oct/2026 11:12:40] "GET /api/purchases/ HTTP/1.1" 200 7429295
[03/Oct/2026 11:12:40] "GET /api/users/contracts/ HTTP/1.1" 200 14781
[03/Oct/2026 11:12:40] "GET /api/users/contracts/ HTTP/1.1" 200 14781
[03/Oct/2026 11:12:40] "GET /api/users/contracts/ HTTP/1.1" 200 14781
[03/Oct/2026 11:12:41] "GET /api/cart/ HTTP/1.1" 200 3397314
[03/Oct/2026 11:12:41] "GET /api/users/contracts/ HTTP/1.1" 200 14781
[03/Oct/2026 11:12:41] "POST /api/payments/35/refresh/ HTTP/1.1" 200 17
[03/Oct/2026 11:12:41] "GET /api/purchases/ HTTP/1.1" 200 8342321
[03/Oct/2026 11:12:45] "GET /api/users/notifications/ HTTP/1.1" 200 37
[03/Oct/2026 11:12:45] "GET /api/users/contracts/ HTTP/1.1" 200 31
[03/Oct/2026 11:15:51] "GET /api/users/artworks/ HTTP/1.1" 200 7761663
[03/Oct/2026 11:15:51] "GET /auth/me/ HTTP/1.1" 200 361
[03/Oct/2026 11:15:51] "GET /api/cart/ HTTP/1.1" 200 3265672
[03/Oct/2026 11:15:51] "GET /api/users/contracts/ HTTP/1.1" 200 14781
[03/Oct/2026 11:15:56] "GET /api/users/contracts/ HTTP/1.1" 200 14781
[03/Oct/2026 11:16:01] "GET /api/users/contracts/ HTTP/1.1" 200 14781
[03/Oct/2026 11:16:06] "GET /api/users/contracts/ HTTP/1.1" 200 14781
[03/Oct/2026 11:16:11] "GET /api/users/contracts/ HTTP/1.1" 200 14781
[03/Oct/2026 11:16:16] "GET /auth/me/ HTTP/1.1" 200 361
[03/Oct/2026 11:16:16] "GET /api/users/notifications/ HTTP/1.1" 200 3432
[03/Oct/2026 11:16:16] "GET /api/wallet/ HTTP/1.1" 200 109
[03/Oct/2026 11:16:16] "GET /api/commissions/requests/?role=buyer&user_email=halsey%40gmail.com HTTP/1.1" 200 1929
[03/Oct/2026 11:16:16] "GET /api/purchases/ HTTP/1.1" 200 8342321
[03/Oct/2026 11:16:16] "GET /api/users/contracts/ HTTP/1.1" 200 14781
[03/Oct/2026 11:16:19] "GET /api/purchases/ HTTP/1.1" 200 8342321
[03/Oct/2026 11:16:20] "GET /api/users/notifications/ HTTP/1.1" 200 3432
[03/Oct/2026 11:16:21] "GET /api/users/contracts/ HTTP/1.1" 200 14781
[03/Oct/2026 11:16:25] "GET /api/purchases/ HTTP/1.1" 200 8342321
[03/Oct/2026 11:16:26] "GET /api/purchases/ HTTP/1.1" 200 8342321
[03/Oct/2026 11:16:26] "GET /api/users/contracts/ HTTP/1.1" 200 14781
[03/Oct/2026 11:16:30] "GET /api/purchases/ HTTP/1.1" 200 8342321
[03/Oct/2026 11:16:31] "GET /api/users/notifications/ HTTP/1.1" 200 3432
[03/Oct/2026 11:16:31] "GET /api/commissions/requests/?role=buyer&user_email=halsey%40gmail.com HTTP/1.1" 200 1929
[03/Oct/2026 11:16:31] "GET /api/users/contracts/ HTTP/1.1" 200 14781
[03/Oct/2026 11:16:36] "GET /api/users/contracts/ HTTP/1.1" 200 14781
[03/Oct/2026 11:16:37] "GET /api/purchases/ HTTP/1.1" 200 8342321
[03/Oct/2026 11:16:38] "GET /api/purchases/ HTTP/1.1" 200 8342321
[03/Oct/2026 11:16:41] "GET /api/users/contracts/ HTTP/1.1" 200 14781
[03/Oct/2026 11:16:46] "GET /api/users/notifications/ HTTP/1.1" 200 3432
[03/Oct/2026 11:16:46] "GET /api/commissions/requests/?role=buyer&user_email=halsey%40gmail.com HTTP/1.1" 200 1929
[03/Oct/2026 11:16:46] "GET /api/users/contracts/ HTTP/1.1" 200 14781
[03/Oct/2026 11:16:48] "GET /api/blockchain/verify/?code=AF-SALE-718A2D134553 HTTP/1.1" 200 135
[03/Oct/2026 11:16:50] "GET /api/users/notifications/ HTTP/1.1" 200 3432
[03/Oct/2026 11:16:51] "GET /api/users/contracts/ HTTP/1.1" 200 14781
[03/Oct/2026 11:16:56] "GET /api/users/contracts/ HTTP/1.1" 200 14781
[03/Oct/2026 11:17:01] "GET /api/users/notifications/ HTTP/1.1" 200 3432
[03/Oct/2026 11:17:01] "GET /api/commissions/requests/?role=buyer&user_email=halsey%40gmail.com HTTP/1.1" 200 1929
[03/Oct/2026 11:17:01] "GET /api/users/contracts/ HTTP/1.1" 200 14781
[03/Oct/2026 11:17:07] "GET /api/users/contracts/ HTTP/1.1" 200 14781
[03/Oct/2026 11:17:11] "GET /api/users/contracts/ HTTP/1.1" 200 14781
[03/Oct/2026 11:17:16] "GET /api/users/notifications/ HTTP/1.1" 200 3432
[03/Oct/2026 11:17:16] "GET /api/commissions/requests/?role=buyer&user_email=halsey%40gmail.com HTTP/1.1" 200 1929
[03/Oct/2026 11:17:16] "GET /api/users/contracts/ HTTP/1.1" 200 14781
[03/Oct/2026 11:17:21] "GET /api/users/notifications/ HTTP/1.1" 200 3432
[03/Oct/2026 11:17:22] "GET /api/users/contracts/ HTTP/1.1" 200 14781
[03/Oct/2026 11:17:27] "GET /api/users/contracts/ HTTP/1.1" 200 14781
[03/Oct/2026 11:17:31] "GET /api/users/notifications/ HTTP/1.1" 200 3432
[03/Oct/2026 11:17:31] "GET /api/commissions/requests/?role=buyer&user_email=halsey%40gmail.com HTTP/1.1" 200 1929
[03/Oct/2026 11:17:31] "GET /api/users/contracts/ HTTP/1.1" 200 14781
[03/Oct/2026 11:17:37] "GET /api/users/contracts/ HTTP/1.1" 200 14781
[03/Oct/2026 11:17:41] "GET /api/users/contracts/ HTTP/1.1" 200 14781
[03/Oct/2026 11:17:46] "GET /api/users/notifications/ HTTP/1.1" 200 3432
[03/Oct/2026 11:17:46] "GET /api/commissions/requests/?role=buyer&user_email=halsey%40gmail.com HTTP/1.1" 200 1929
[03/Oct/2026 11:17:46] "GET /api/users/contracts/ HTTP/1.1" 200 14781
[03/Oct/2026 11:17:51] "GET /api/users/notifications/ HTTP/1.1" 200 3432
[03/Oct/2026 11:17:52] "GET /api/users/contracts/ HTTP/1.1" 200 14781
[03/Oct/2026 11:17:57] "GET /api/users/contracts/ HTTP/1.1" 200 14781
[03/Oct/2026 11:17:59] "GET /api/blockchain/agreements/18/verify/ HTTP/1.1" 200 5839
[03/Oct/2026 11:18:01] "GET /api/users/notifications/ HTTP/1.1" 200 3432
[03/Oct/2026 11:18:01] "GET /api/commissions/requests/?role=buyer&user_email=halsey%40gmail.com HTTP/1.1" 200 1929
[03/Oct/2026 11:18:01] "GET /api/users/contracts/ HTTP/1.1" 200 14781
[03/Oct/2026 11:18:10] "GET /api/users/contracts/ HTTP/1.1" 200 14781
[03/Oct/2026 11:18:11] "GET /api/users/contracts/ HTTP/1.1" 200 14781
[03/Oct/2026 11:18:12] "GET /api/purchases/ HTTP/1.1" 200 8342321
[03/Oct/2026 11:18:15] "GET /api/auction/dashboard/ HTTP/1.1" 200 1903260
[03/Oct/2026 11:18:16] "GET /api/commissions/requests/?role=buyer&user_email=halsey%40gmail.com HTTP/1.1" 200 1929
[03/Oct/2026 11:18:16] "GET /api/users/notifications/ HTTP/1.1" 200 3432
[03/Oct/2026 11:18:16] "GET /api/users/contracts/ HTTP/1.1" 200 14781
[03/Oct/2026 11:18:18] "GET /api/purchases/ HTTP/1.1" 200 8342321
[03/Oct/2026 11:18:20] "GET /api/users/notifications/ HTTP/1.1" 200 3432
[03/Oct/2026 11:18:21] "GET /api/users/contracts/ HTTP/1.1" 200 14781
[03/Oct/2026 11:18:26] "GET /api/users/contracts/ HTTP/1.1" 200 14781
[03/Oct/2026 11:18:28] "GET /api/purchases/ HTTP/1.1" 200 8342321
[03/Oct/2026 11:18:31] "GET /api/users/notifications/ HTTP/1.1" 200 3432
[03/Oct/2026 11:18:31] "GET /api/commissions/requests/?role=buyer&user_email=halsey%40gmail.com HTTP/1.1" 200 1929
[03/Oct/2026 11:18:31] "GET /api/users/contracts/ HTTP/1.1" 200 14781
[03/Oct/2026 11:18:32] "GET /api/users/notifications/ HTTP/1.1" 200 3432
[03/Oct/2026 11:18:32] "GET /auth/me/ HTTP/1.1" 200 361
[03/Oct/2026 11:18:32] "GET /api/users/artworks/ HTTP/1.1" 200 7761663
[03/Oct/2026 11:18:32] "GET /api/users/contracts/ HTTP/1.1" 200 14781
[03/Oct/2026 11:18:34] "GET /auth/me/ HTTP/1.1" 200 361
[03/Oct/2026 11:18:34] "GET /api/users/notifications/ HTTP/1.1" 200 3432
[03/Oct/2026 11:18:34] "GET /api/commissions/requests/?role=buyer&user_email=halsey%40gmail.com HTTP/1.1" 200 1929
[03/Oct/2026 11:18:34] "GET /api/wallet/ HTTP/1.1" 200 109
[03/Oct/2026 11:18:34] "GET /api/purchases/ HTTP/1.1" 200 8342321
[03/Oct/2026 11:18:36] "GET /api/users/contracts/ HTTP/1.1" 200 14781
[03/Oct/2026 11:18:36] "GET /api/users/notifications/ HTTP/1.1" 200 3432
[03/Oct/2026 11:18:36] "GET /auth/me/ HTTP/1.1" 200 361
[03/Oct/2026 11:18:36] "GET /api/users/artworks/ HTTP/1.1" 200 7761663
[03/Oct/2026 11:18:36] "GET /api/users/contracts/ HTTP/1.1" 200 14781
[03/Oct/2026 11:18:37] "GET /api/users/contracts/ HTTP/1.1" 200 14781
[03/Oct/2026 11:18:38] "GET /api/cart/ HTTP/1.1" 200 3265672
[03/Oct/2026 11:18:38] "GET /api/users/contracts/ HTTP/1.1" 200 14781
[03/Oct/2026 11:18:39] "GET /api/users/artworks/30/ HTTP/1.1" 200 439050
[03/Oct/2026 11:18:39] "GET /api/users/artworks/34/ HTTP/1.1" 200 132024
[03/Oct/2026 11:18:39] "GET /api/users/artworks/22/ HTTP/1.1" 200 200568
[03/Oct/2026 11:18:39] "GET /api/users/artworks/32/ HTTP/1.1" 200 196820
[03/Oct/2026 11:18:39] "GET /api/users/artworks/29/ HTTP/1.1" 200 34191
[03/Oct/2026 11:18:39] "GET /api/users/artworks/28/ HTTP/1.1" 200 2845349
[03/Oct/2026 11:18:39] "GET /api/users/artworks/27/ HTTP/1.1" 200 77299
[03/Oct/2026 11:18:39] "GET /api/users/artworks/26/ HTTP/1.1" 200 31726
[03/Oct/2026 11:18:39] "GET /api/users/artworks/23/ HTTP/1.1" 200 57758
[03/Oct/2026 11:18:39] "GET /api/users/artworks/24/ HTTP/1.1" 200 183201
[03/Oct/2026 11:18:39] "GET /api/users/artworks/25/ HTTP/1.1" 200 134336
[03/Oct/2026 11:18:39] "GET /api/users/artworks/20/ HTTP/1.1" 200 33297
[03/Oct/2026 11:18:39] "GET /api/users/artworks/18/ HTTP/1.1" 200 90979
[03/Oct/2026 11:18:39] "GET /api/users/artworks/21/ HTTP/1.1" 200 385741
[03/Oct/2026 11:18:41] "GET /api/users/contracts/ HTTP/1.1" 200 14781
[03/Oct/2026 11:18:41] "GET /api/users/contracts/ HTTP/1.1" 200 14781
[03/Oct/2026 11:18:42] "GET /api/users/contracts/ HTTP/1.1" 200 14781
[03/Oct/2026 11:18:43] "GET /api/cart/ HTTP/1.1" 200 3265672
[03/Oct/2026 11:18:43] "GET /api/users/contracts/ HTTP/1.1" 200 14781
[03/Oct/2026 11:18:46] "GET /api/users/notifications/ HTTP/1.1" 200 3432
[03/Oct/2026 11:18:46] "GET /api/commissions/requests/?role=buyer&user_email=halsey%40gmail.com HTTP/1.1" 200 1929
[03/Oct/2026 11:18:46] "GET /api/users/contracts/ HTTP/1.1" 200 14781
[03/Oct/2026 11:18:46] "GET /api/users/contracts/ HTTP/1.1" 200 14781
[03/Oct/2026 11:18:47] "GET /api/users/contracts/ HTTP/1.1" 200 14781
[03/Oct/2026 11:18:48] "GET /api/cart/ HTTP/1.1" 200 3265672
[03/Oct/2026 11:18:48] "GET /api/users/contracts/ HTTP/1.1" 200 14781
[03/Oct/2026 11:18:49] "GET /api/commissions/requests/?role=buyer&user_email=halsey%40gmail.com HTTP/1.1" 200 1929
[03/Oct/2026 11:18:49] "GET /api/users/notifications/ HTTP/1.1" 200 3432
[03/Oct/2026 11:18:50] "GET /api/users/notifications/ HTTP/1.1" 200 3432
[03/Oct/2026 11:18:51] "GET /api/users/contracts/16/sign/ HTTP/1.1" 200 15742
Conflict: /api/checkout/agreements/16/
[03/Oct/2026 11:18:51] "POST /api/checkout/agreements/16/ HTTP/1.1" 409 94
[03/Oct/2026 11:18:51] "GET /api/users/contracts/ HTTP/1.1" 200 14781
[03/Oct/2026 11:18:51] "GET /api/users/contracts/ HTTP/1.1" 200 14781
[03/Oct/2026 11:18:52] "GET /api/users/contracts/ HTTP/1.1" 200 14781
[03/Oct/2026 11:18:53] "GET /api/cart/ HTTP/1.1" 200 3265672
[03/Oct/2026 11:18:53] "GET /api/users/contracts/ HTTP/1.1" 200 14781
[03/Oct/2026 11:18:56] "GET /api/users/contracts/ HTTP/1.1" 200 14781
[03/Oct/2026 11:18:56] "GET /api/users/contracts/ HTTP/1.1" 200 14781
[03/Oct/2026 11:18:57] "GET /api/users/contracts/ HTTP/1.1" 200 14781
[03/Oct/2026 11:18:58] "GET /api/cart/ HTTP/1.1" 200 3265672
[03/Oct/2026 11:18:58] "GET /api/users/contracts/ HTTP/1.1" 200 14781
[03/Oct/2026 11:19:01] "GET /api/users/notifications/ HTTP/1.1" 200 3432
[03/Oct/2026 11:19:01] "GET /api/commissions/requests/?role=buyer&user_email=halsey%40gmail.com HTTP/1.1" 200 1929
[03/Oct/2026 11:19:01] "GET /api/users/contracts/ HTTP/1.1" 200 14781
[03/Oct/2026 11:19:01] "GET /api/users/contracts/ HTTP/1.1" 200 14781
[03/Oct/2026 11:19:02] "GET /api/users/notifications/ HTTP/1.1" 200 3432
[03/Oct/2026 11:19:02] "GET /api/users/contracts/ HTTP/1.1" 200 14781
[03/Oct/2026 11:19:03] "GET /api/cart/ HTTP/1.1" 200 3265672
[03/Oct/2026 11:19:03] "GET /api/users/contracts/ HTTP/1.1" 200 14781
[03/Oct/2026 11:19:04] "GET /api/users/notifications/ HTTP/1.1" 200 3432
[03/Oct/2026 11:19:04] "GET /api/commissions/requests/?role=buyer&user_email=halsey%40gmail.com HTTP/1.1" 200 1929
[03/Oct/2026 11:19:06] "GET /api/users/contracts/ HTTP/1.1" 200 14781
[03/Oct/2026 11:19:06] "GET /api/users/notifications/ HTTP/1.1" 200 3432
[03/Oct/2026 11:19:06] "GET /api/users/contracts/ HTTP/1.1" 200 14781
[03/Oct/2026 11:19:07] "GET /api/users/contracts/ HTTP/1.1" 200 14781
[03/Oct/2026 11:19:08] "GET /api/cart/ HTTP/1.1" 200 3265672
[03/Oct/2026 11:19:08] "GET /api/users/contracts/ HTTP/1.1" 200 14781
[03/Oct/2026 11:19:11] "GET /api/users/contracts/ HTTP/1.1" 200 14781
[03/Oct/2026 11:19:11] "GET /api/users/contracts/ HTTP/1.1" 200 14781
[03/Oct/2026 11:19:12] "GET /api/users/contracts/ HTTP/1.1" 200 14781
[03/Oct/2026 11:19:12] "GET /api/users/contracts/artworks/30/ HTTP/1.1" 200 439512
[03/Oct/2026 11:19:13] "GET /api/users/contracts/ HTTP/1.1" 200 14781
[03/Oct/2026 11:19:13] "GET /api/users/contracts/ HTTP/1.1" 200 14781
[03/Oct/2026 11:19:13] "GET /api/cart/ HTTP/1.1" 200 3265672
[03/Oct/2026 11:19:16] "GET /api/users/notifications/ HTTP/1.1" 200 3432
[03/Oct/2026 11:19:16] "GET /api/commissions/requests/?role=buyer&user_email=halsey%40gmail.com HTTP/1.1" 200 1929
[03/Oct/2026 11:19:16] "GET /api/users/contracts/ HTTP/1.1" 200 14781
[03/Oct/2026 11:19:16] "GET /api/users/contracts/ HTTP/1.1" 200 14781
[03/Oct/2026 11:19:17] "GET /api/users/contracts/ HTTP/1.1" 200 14781
[03/Oct/2026 11:19:18] "GET /api/users/contracts/ HTTP/1.1" 200 14781
[03/Oct/2026 11:19:18] "GET /api/cart/ HTTP/1.1" 200 3265672
[03/Oct/2026 11:19:18] "GET /api/users/contracts/ HTTP/1.1" 200 14781
[03/Oct/2026 11:19:19] "GET /api/commissions/requests/?role=buyer&user_email=halsey%40gmail.com HTTP/1.1" 200 1929
[03/Oct/2026 11:19:19] "GET /api/users/notifications/ HTTP/1.1" 200 3432
[03/Oct/2026 11:19:20] "GET /api/users/notifications/ HTTP/1.1" 200 3432
[03/Oct/2026 11:19:21] "GET /api/users/contracts/16/sign/ HTTP/1.1" 200 15742
[03/Oct/2026 11:19:21] "GET /api/users/contracts/ HTTP/1.1" 200 14781
[03/Oct/2026 11:19:21] "GET /api/users/contracts/ HTTP/1.1" 200 14781
[03/Oct/2026 11:19:22] "GET /api/users/contracts/ HTTP/1.1" 200 14781
[03/Oct/2026 11:19:22] "GET /api/users/contracts/artworks/30/ HTTP/1.1" 200 439512
[03/Oct/2026 11:19:23] "GET /api/users/contracts/ HTTP/1.1" 200 14781
[03/Oct/2026 11:19:23] "GET /api/cart/ HTTP/1.1" 200 3265672
[03/Oct/2026 11:19:23] "GET /api/users/contracts/ HTTP/1.1" 200 14781
[03/Oct/2026 11:19:26] "GET /api/users/contracts/ HTTP/1.1" 200 14781
[03/Oct/2026 11:19:26] "GET /api/users/contracts/ HTTP/1.1" 200 14781
[03/Oct/2026 11:19:27] "GET /api/users/contracts/ HTTP/1.1" 200 14781
[03/Oct/2026 11:19:28] "GET /api/users/contracts/ HTTP/1.1" 200 14781
[03/Oct/2026 11:19:28] "GET /api/cart/ HTTP/1.1" 200 3265672
[03/Oct/2026 11:19:28] "GET /api/users/contracts/ HTTP/1.1" 200 14781
[03/Oct/2026 11:19:31] "GET /api/users/notifications/ HTTP/1.1" 200 3432
[03/Oct/2026 11:19:31] "GET /api/commissions/requests/?role=buyer&user_email=halsey%40gmail.com HTTP/1.1" 200 1929
[03/Oct/2026 11:19:31] "GET /api/users/contracts/ HTTP/1.1" 200 14781
[03/Oct/2026 11:19:31] "GET /api/users/contracts/ HTTP/1.1" 200 14781
[03/Oct/2026 11:19:32] "GET /api/users/notifications/ HTTP/1.1" 200 3432
[03/Oct/2026 11:19:32] "GET /api/users/contracts/ HTTP/1.1" 200 14781
[03/Oct/2026 11:19:32] "GET /api/users/contracts/artworks/30/ HTTP/1.1" 200 439512
[03/Oct/2026 11:19:33] "GET /api/users/contracts/ HTTP/1.1" 200 14781
[03/Oct/2026 11:19:33] "GET /api/cart/ HTTP/1.1" 200 3265672
[03/Oct/2026 11:19:33] "GET /api/users/contracts/ HTTP/1.1" 200 14781
[03/Oct/2026 11:19:34] "GET /api/users/notifications/ HTTP/1.1" 200 3432
[03/Oct/2026 11:19:34] "GET /api/commissions/requests/?role=buyer&user_email=halsey%40gmail.com HTTP/1.1" 200 1929
[03/Oct/2026 11:19:36] "GET /api/users/contracts/ HTTP/1.1" 200 14781
[03/Oct/2026 11:19:36] "GET /api/users/notifications/ HTTP/1.1" 200 3432
[03/Oct/2026 11:19:37] "GET /api/users/contracts/ HTTP/1.1" 200 14781
[03/Oct/2026 11:19:37] "GET /api/users/contracts/ HTTP/1.1" 200 14781
[03/Oct/2026 11:19:38] "GET /api/users/contracts/ HTTP/1.1" 200 14781
[03/Oct/2026 11:19:38] "GET /api/cart/ HTTP/1.1" 200 3265672
[03/Oct/2026 11:19:38] "GET /api/users/contracts/ HTTP/1.1" 200 14781
[03/Oct/2026 11:19:41] "GET /api/users/contracts/ HTTP/1.1" 200 14781
[03/Oct/2026 11:19:41] "GET /api/users/contracts/ HTTP/1.1" 200 14781
[03/Oct/2026 11:19:42] "GET /api/users/contracts/ HTTP/1.1" 200 14781
[03/Oct/2026 11:19:42] "GET /api/users/contracts/artworks/30/ HTTP/1.1" 200 439512
[03/Oct/2026 11:19:43] "GET /api/users/contracts/ HTTP/1.1" 200 14781
[03/Oct/2026 11:19:43] "GET /api/cart/ HTTP/1.1" 200 3265672
[03/Oct/2026 11:19:43] "GET /api/users/contracts/ HTTP/1.1" 200 14781
[03/Oct/2026 11:19:45] "GET /api/users/contracts/ HTTP/1.1" 200 14781
[03/Oct/2026 11:19:46] "GET /api/users/notifications/ HTTP/1.1" 200 3432
[03/Oct/2026 11:19:46] "GET /api/commissions/requests/?role=buyer&user_email=halsey%40gmail.com HTTP/1.1" 200 1929
[03/Oct/2026 11:19:46] "GET /api/users/contracts/ HTTP/1.1" 200 14781
[03/Oct/2026 11:19:46] "GET /api/users/contracts/ HTTP/1.1" 200 14781
[03/Oct/2026 11:19:47] "GET /api/users/contracts/ HTTP/1.1" 200 14781
[03/Oct/2026 11:19:48] "GET /api/users/contracts/ HTTP/1.1" 200 14781
[03/Oct/2026 11:19:48] "GET /api/cart/ HTTP/1.1" 200 3265672
[03/Oct/2026 11:19:49] "GET /api/users/contracts/artworks/30/ HTTP/1.1" 200 439512
[03/Oct/2026 11:19:49] "GET /api/users/contracts/ HTTP/1.1" 200 14781
[03/Oct/2026 11:19:49] "GET /api/users/notifications/ HTTP/1.1" 200 3432
[03/Oct/2026 11:19:49] "GET /api/commissions/requests/?role=buyer&user_email=halsey%40gmail.com HTTP/1.1" 200 1929
[03/Oct/2026 11:19:50] "GET /api/users/contracts/ HTTP/1.1" 200 14781
[03/Oct/2026 11:19:51] "GET /api/users/notifications/ HTTP/1.1" 200 3432
[03/Oct/2026 11:19:51] "GET /api/users/contracts/ HTTP/1.1" 200 14781
[03/Oct/2026 11:19:51] "GET /api/users/contracts/ HTTP/1.1" 200 14781
[03/Oct/2026 11:19:52] "GET /api/users/contracts/ HTTP/1.1" 200 14781
[03/Oct/2026 11:19:53] "GET /api/cart/ HTTP/1.1" 200 3265672
[03/Oct/2026 11:19:53] "GET /api/users/contracts/ HTTP/1.1" 200 14781
[03/Oct/2026 11:19:56] "GET /api/users/contracts/ HTTP/1.1" 200 14781
[03/Oct/2026 11:19:56] "GET /api/users/contracts/ HTTP/1.1" 200 14781
[03/Oct/2026 11:19:57] "GET /api/users/contracts/ HTTP/1.1" 200 14781
[03/Oct/2026 11:19:58] "GET /api/cart/ HTTP/1.1" 200 3265672
[03/Oct/2026 11:19:58] "GET /api/users/contracts/ HTTP/1.1" 200 14781
[03/Oct/2026 11:20:01] "GET /api/commissions/requests/?role=buyer&user_email=halsey%40gmail.com HTTP/1.1" 200 1929
[03/Oct/2026 11:20:01] "GET /api/users/notifications/ HTTP/1.1" 200 3432
[03/Oct/2026 11:20:01] "GET /api/users/contracts/ HTTP/1.1" 200 14781
[03/Oct/2026 11:20:01] "GET /api/users/contracts/ HTTP/1.1" 200 14781
[03/Oct/2026 11:20:02] "GET /api/users/notifications/ HTTP/1.1" 200 3432
[03/Oct/2026 11:20:02] "GET /api/users/contracts/ HTTP/1.1" 200 14781
[03/Oct/2026 11:20:03] "GET /api/cart/ HTTP/1.1" 200 3265672
[03/Oct/2026 11:20:03] "GET /api/users/contracts/ HTTP/1.1" 200 14781
[03/Oct/2026 11:20:04] "GET /api/users/notifications/ HTTP/1.1" 200 3432
[03/Oct/2026 11:20:04] "GET /api/commissions/requests/?role=buyer&user_email=halsey%40gmail.com HTTP/1.1" 200 1929
[03/Oct/2026 11:20:06] "GET /api/users/contracts/ HTTP/1.1" 200 14781
[03/Oct/2026 11:20:06] "GET /api/users/notifications/ HTTP/1.1" 200 3432
[03/Oct/2026 11:20:06] "GET /api/users/contracts/ HTTP/1.1" 200 14781
[03/Oct/2026 11:20:07] "GET /api/users/contracts/ HTTP/1.1" 200 14781
[03/Oct/2026 11:20:08] "GET /api/cart/ HTTP/1.1" 200 3265672
[03/Oct/2026 11:20:08] "GET /api/users/contracts/ HTTP/1.1" 200 14781
[03/Oct/2026 11:20:11] "GET /api/users/contracts/ HTTP/1.1" 200 14781
[03/Oct/2026 11:20:11] "GET /api/users/contracts/ HTTP/1.1" 200 14781
[03/Oct/2026 11:20:12] "GET /api/users/contracts/ HTTP/1.1" 200 14781
[03/Oct/2026 11:20:13] "GET /api/users/contracts/ HTTP/1.1" 200 14781
[03/Oct/2026 11:20:13] "GET /api/cart/ HTTP/1.1" 200 3265672
[03/Oct/2026 11:20:16] "GET /api/users/notifications/ HTTP/1.1" 200 3432
[03/Oct/2026 11:20:16] "GET /api/commissions/requests/?role=buyer&user_email=halsey%40gmail.com HTTP/1.1" 200 1929
[03/Oct/2026 11:20:16] "GET /api/users/contracts/ HTTP/1.1" 200 14781
[03/Oct/2026 11:20:16] "GET /api/users/contracts/ HTTP/1.1" 200 14781
[03/Oct/2026 11:20:17] "GET /api/users/contracts/ HTTP/1.1" 200 14781
[03/Oct/2026 11:20:18] "GET /api/users/contracts/ HTTP/1.1" 200 14781
[03/Oct/2026 11:20:18] "GET /api/cart/ HTTP/1.1" 200 3265672
[03/Oct/2026 11:20:19] "GET /api/users/notifications/ HTTP/1.1" 200 3432
[03/Oct/2026 11:20:19] "GET /api/commissions/requests/?role=buyer&user_email=halsey%40gmail.com HTTP/1.1" 200 1929
[03/Oct/2026 11:20:20] "GET /api/users/notifications/ HTTP/1.1" 200 3432
[03/Oct/2026 11:20:21] "GET /api/users/contracts/ HTTP/1.1" 200 14781
[03/Oct/2026 11:20:21] "GET /api/users/contracts/ HTTP/1.1" 200 14781
[03/Oct/2026 11:20:22] "GET /api/users/contracts/ HTTP/1.1" 200 14781
[03/Oct/2026 11:20:23] "GET /api/cart/ HTTP/1.1" 200 3265672
[03/Oct/2026 11:20:23] "GET /api/users/contracts/ HTTP/1.1" 200 14781
[03/Oct/2026 11:20:26] "GET /api/users/contracts/ HTTP/1.1" 200 14781
[03/Oct/2026 11:20:26] "GET /api/users/contracts/ HTTP/1.1" 200 14781
[03/Oct/2026 11:20:27] "GET /api/users/contracts/ HTTP/1.1" 200 14781
[03/Oct/2026 11:20:28] "GET /api/cart/ HTTP/1.1" 200 3265672
[03/Oct/2026 11:20:28] "GET /api/users/contracts/ HTTP/1.1" 200 14781
[03/Oct/2026 11:20:31] "GET /api/users/notifications/ HTTP/1.1" 200 3432
[03/Oct/2026 11:20:31] "GET /api/commissions/requests/?role=buyer&user_email=halsey%40gmail.com HTTP/1.1" 200 1929
[03/Oct/2026 11:20:31] "GET /api/users/contracts/ HTTP/1.1" 200 14781
[03/Oct/2026 11:20:31] "GET /api/users/contracts/ HTTP/1.1" 200 14781
[03/Oct/2026 11:20:32] "GET /api/users/notifications/ HTTP/1.1" 200 3432
[03/Oct/2026 11:20:32] "GET /api/users/contracts/ HTTP/1.1" 200 14781
[03/Oct/2026 11:20:33] "GET /api/cart/ HTTP/1.1" 200 3265672
[03/Oct/2026 11:20:33] "GET /api/users/contracts/ HTTP/1.1" 200 14781
[03/Oct/2026 11:20:34] "GET /api/users/notifications/ HTTP/1.1" 200 3432
[03/Oct/2026 11:20:34] "GET /api/commissions/requests/?role=buyer&user_email=halsey%40gmail.com HTTP/1.1" 200 1929
[03/Oct/2026 11:20:36] "GET /api/users/contracts/ HTTP/1.1" 200 14781
[03/Oct/2026 11:20:36] "GET /api/users/notifications/ HTTP/1.1" 200 3432
[03/Oct/2026 11:20:36] "GET /api/users/contracts/ HTTP/1.1" 200 14781
[03/Oct/2026 11:20:37] "GET /api/users/contracts/ HTTP/1.1" 200 14781
[03/Oct/2026 11:20:38] "GET /api/cart/ HTTP/1.1" 200 3265672
[03/Oct/2026 11:20:38] "GET /api/users/contracts/ HTTP/1.1" 200 14781
[03/Oct/2026 11:20:41] "GET /api/users/contracts/ HTTP/1.1" 200 14781
[03/Oct/2026 11:20:41] "GET /api/users/contracts/ HTTP/1.1" 200 14781
[03/Oct/2026 11:20:42] "GET /api/users/contracts/ HTTP/1.1" 200 14781
[03/Oct/2026 11:20:43] "GET /api/cart/ HTTP/1.1" 200 3265672
[03/Oct/2026 11:20:43] "GET /api/users/contracts/ HTTP/1.1" 200 14781
[03/Oct/2026 11:20:46] "GET /api/commissions/requests/?role=buyer&user_email=halsey%40gmail.com HTTP/1.1" 200 1929
[03/Oct/2026 11:20:46] "GET /api/users/notifications/ HTTP/1.1" 200 3432
[03/Oct/2026 11:20:46] "GET /api/users/contracts/ HTTP/1.1" 200 14781
[03/Oct/2026 11:20:46] "GET /api/users/contracts/ HTTP/1.1" 200 14781
[03/Oct/2026 11:20:47] "GET /api/users/contracts/ HTTP/1.1" 200 14781
[03/Oct/2026 11:20:48] "GET /api/cart/ HTTP/1.1" 200 3265672
[03/Oct/2026 11:20:48] "GET /api/users/contracts/ HTTP/1.1" 200 14781
[03/Oct/2026 11:20:49] "GET /api/commissions/requests/?role=buyer&user_email=halsey%40gmail.com HTTP/1.1" 200 1929
[03/Oct/2026 11:20:49] "GET /api/users/notifications/ HTTP/1.1" 200 3432
[03/Oct/2026 11:20:50] "GET /api/users/notifications/ HTTP/1.1" 200 3432
[03/Oct/2026 11:20:51] "GET /api/users/contracts/ HTTP/1.1" 200 14781
[03/Oct/2026 11:20:51] "GET /api/users/contracts/ HTTP/1.1" 200 14781
[03/Oct/2026 11:20:52] "GET /api/users/contracts/ HTTP/1.1" 200 14781
[03/Oct/2026 11:20:53] "GET /api/cart/ HTTP/1.1" 200 3265672
[03/Oct/2026 11:20:53] "GET /api/users/contracts/ HTTP/1.1" 200 14781
[03/Oct/2026 11:20:56] "GET /api/users/contracts/ HTTP/1.1" 200 14781
[03/Oct/2026 11:20:56] "GET /api/users/contracts/ HTTP/1.1" 200 14781
[03/Oct/2026 11:20:57] "GET /api/users/contracts/ HTTP/1.1" 200 14781
[03/Oct/2026 11:20:58] "GET /api/cart/ HTTP/1.1" 200 3265672
[03/Oct/2026 11:20:58] "GET /api/users/contracts/ HTTP/1.1" 200 14781
[03/Oct/2026 11:21:01] "GET /api/commissions/requests/?role=buyer&user_email=halsey%40gmail.com HTTP/1.1" 200 1929
[03/Oct/2026 11:21:01] "GET /api/users/notifications/ HTTP/1.1" 200 3432
[03/Oct/2026 11:21:01] "GET /api/users/contracts/ HTTP/1.1" 200 14781
[03/Oct/2026 11:21:01] "GET /api/users/contracts/ HTTP/1.1" 200 14781
[03/Oct/2026 11:21:02] "GET /api/users/notifications/ HTTP/1.1" 200 3432
[03/Oct/2026 11:21:02] "GET /api/users/contracts/ HTTP/1.1" 200 14781
[03/Oct/2026 11:21:03] "GET /api/cart/ HTTP/1.1" 200 3265672
[03/Oct/2026 11:21:03] "GET /api/users/contracts/ HTTP/1.1" 200 14781
[03/Oct/2026 11:21:04] "GET /api/users/notifications/ HTTP/1.1" 200 3432
[03/Oct/2026 11:21:04] "GET /api/commissions/requests/?role=buyer&user_email=halsey%40gmail.com HTTP/1.1" 200 1929
[03/Oct/2026 11:21:06] "GET /api/users/contracts/ HTTP/1.1" 200 14781
[03/Oct/2026 11:21:06] "GET /api/users/notifications/ HTTP/1.1" 200 3432
[03/Oct/2026 11:21:07] "GET /api/users/contracts/ HTTP/1.1" 200 14781
[03/Oct/2026 11:21:07] "GET /api/users/contracts/ HTTP/1.1" 200 14781
[03/Oct/2026 11:21:08] "GET /api/cart/ HTTP/1.1" 200 3265672
[03/Oct/2026 11:21:08] "GET /api/users/contracts/ HTTP/1.1" 200 14781
[03/Oct/2026 11:21:11] "GET /api/users/contracts/ HTTP/1.1" 200 14781
[03/Oct/2026 11:21:12] "GET /api/users/contracts/ HTTP/1.1" 200 14781
[03/Oct/2026 11:21:12] "GET /api/users/contracts/ HTTP/1.1" 200 14781
[03/Oct/2026 11:21:13] "GET /api/cart/ HTTP/1.1" 200 3265672
[03/Oct/2026 11:21:13] "GET /api/users/contracts/ HTTP/1.1" 200 14781
[03/Oct/2026 11:21:16] "GET /api/users/notifications/ HTTP/1.1" 200 3432
[03/Oct/2026 11:21:16] "GET /api/commissions/requests/?role=buyer&user_email=halsey%40gmail.com HTTP/1.1" 200 1929
[03/Oct/2026 11:21:16] "GET /api/users/contracts/ HTTP/1.1" 200 14781
[03/Oct/2026 11:21:16] "GET /api/users/contracts/ HTTP/1.1" 200 14781
[03/Oct/2026 11:21:17] "GET /api/users/contracts/ HTTP/1.1" 200 14781
[03/Oct/2026 11:21:18] "GET /api/cart/ HTTP/1.1" 200 3265672
[03/Oct/2026 11:21:18] "GET /api/users/contracts/ HTTP/1.1" 200 14781
[03/Oct/2026 11:21:19] "GET /api/commissions/requests/?role=buyer&user_email=halsey%40gmail.com HTTP/1.1" 200 1929
[03/Oct/2026 11:21:19] "GET /api/users/notifications/ HTTP/1.1" 200 3432
[03/Oct/2026 11:21:20] "GET /api/users/notifications/ HTTP/1.1" 200 3432
[03/Oct/2026 11:21:21] "GET /api/users/contracts/ HTTP/1.1" 200 14781
[03/Oct/2026 11:21:21] "GET /api/users/contracts/ HTTP/1.1" 200 14781
[03/Oct/2026 11:21:22] "GET /api/users/contracts/ HTTP/1.1" 200 14781
[03/Oct/2026 11:21:23] "GET /api/cart/ HTTP/1.1" 200 3265672
[03/Oct/2026 11:21:23] "GET /api/users/contracts/ HTTP/1.1" 200 14781
[03/Oct/2026 11:21:26] "GET /api/users/contracts/ HTTP/1.1" 200 14781
[03/Oct/2026 11:21:26] "GET /api/users/contracts/ HTTP/1.1" 200 14781
[03/Oct/2026 11:21:27] "GET /api/users/contracts/ HTTP/1.1" 200 14781
[03/Oct/2026 11:21:28] "GET /api/cart/ HTTP/1.1" 200 3265672
[03/Oct/2026 11:21:28] "GET /api/users/contracts/ HTTP/1.1" 200 14781
[03/Oct/2026 11:21:31] "GET /api/users/notifications/ HTTP/1.1" 200 3432
[03/Oct/2026 11:21:31] "GET /api/commissions/requests/?role=buyer&user_email=halsey%40gmail.com HTTP/1.1" 200 1929
[03/Oct/2026 11:21:31] "GET /api/users/contracts/ HTTP/1.1" 200 14781
[03/Oct/2026 11:21:32] "GET /api/users/contracts/ HTTP/1.1" 200 14781
[03/Oct/2026 11:21:32] "GET /api/users/notifications/ HTTP/1.1" 200 3432
[03/Oct/2026 11:21:32] "GET /api/users/contracts/ HTTP/1.1" 200 14781
[03/Oct/2026 11:21:33] "GET /api/cart/ HTTP/1.1" 200 3265672
[03/Oct/2026 11:21:33] "GET /api/users/contracts/ HTTP/1.1" 200 14781
[03/Oct/2026 11:21:34] "GET /api/users/notifications/ HTTP/1.1" 200 3432
[03/Oct/2026 11:21:34] "GET /api/commissions/requests/?role=buyer&user_email=halsey%40gmail.com HTTP/1.1" 200 1929
[03/Oct/2026 11:21:36] "GET /api/users/contracts/ HTTP/1.1" 200 14781
[03/Oct/2026 11:21:36] "GET /api/users/notifications/ HTTP/1.1" 200 3432
[03/Oct/2026 11:21:36] "GET /api/users/contracts/ HTTP/1.1" 200 14781
[03/Oct/2026 11:21:37] "GET /api/users/contracts/ HTTP/1.1" 200 14781
[03/Oct/2026 11:21:38] "GET /api/cart/ HTTP/1.1" 200 3265672
[03/Oct/2026 11:21:38] "GET /api/users/contracts/ HTTP/1.1" 200 14781
[03/Oct/2026 11:21:42] "GET /api/users/contracts/ HTTP/1.1" 200 14781
[03/Oct/2026 11:21:44] "GET /api/cart/ HTTP/1.1" 200 3265672
[03/Oct/2026 11:21:44] "GET /api/users/contracts/ HTTP/1.1" 200 14781
[03/Oct/2026 11:21:45] "GET /api/users/contracts/ HTTP/1.1" 200 14781
[03/Oct/2026 11:21:45] "GET /api/users/contracts/ HTTP/1.1" 200 14781
[03/Oct/2026 11:21:46] "GET /api/users/notifications/ HTTP/1.1" 200 3432
[03/Oct/2026 11:21:46] "GET /api/commissions/requests/?role=buyer&user_email=halsey%40gmail.com HTTP/1.1" 200 1929
[03/Oct/2026 11:21:46] "GET /api/users/contracts/ HTTP/1.1" 200 14781
[03/Oct/2026 11:21:46] "GET /api/users/contracts/ HTTP/1.1" 200 14781
[03/Oct/2026 11:21:47] "GET /api/users/contracts/ HTTP/1.1" 200 14781
[03/Oct/2026 11:21:48] "GET /api/cart/ HTTP/1.1" 200 3265672
[03/Oct/2026 11:21:48] "GET /api/users/contracts/ HTTP/1.1" 200 14781
[03/Oct/2026 11:21:49] "GET /api/users/notifications/ HTTP/1.1" 200 3432
[03/Oct/2026 11:21:49] "GET /api/commissions/requests/?role=buyer&user_email=halsey%40gmail.com HTTP/1.1" 200 1929
[03/Oct/2026 11:21:51] "GET /api/users/notifications/ HTTP/1.1" 200 3432
[03/Oct/2026 11:21:51] "GET /api/users/contracts/ HTTP/1.1" 200 14781
[03/Oct/2026 11:21:51] "GET /api/users/contracts/ HTTP/1.1" 200 14781
[03/Oct/2026 11:21:52] "GET /api/users/contracts/ HTTP/1.1" 200 14781
[03/Oct/2026 11:21:53] "GET /api/cart/ HTTP/1.1" 200 3265672
[03/Oct/2026 11:21:53] "GET /api/users/contracts/ HTTP/1.1" 200 14781
[03/Oct/2026 11:21:56] "GET /api/users/contracts/ HTTP/1.1" 200 14781
[03/Oct/2026 11:21:56] "GET /api/users/contracts/ HTTP/1.1" 200 14781
[03/Oct/2026 11:21:57] "GET /api/users/contracts/ HTTP/1.1" 200 14781
[03/Oct/2026 11:21:58] "GET /api/cart/ HTTP/1.1" 200 3265672
[03/Oct/2026 11:21:58] "GET /api/users/contracts/ HTTP/1.1" 200 14781
[03/Oct/2026 11:22:01] "GET /api/users/notifications/ HTTP/1.1" 200 3432
[03/Oct/2026 11:22:01] "GET /api/commissions/requests/?role=buyer&user_email=halsey%40gmail.com HTTP/1.1" 200 1929
[03/Oct/2026 11:22:01] "GET /api/users/contracts/ HTTP/1.1" 200 14781
[03/Oct/2026 11:22:01] "GET /api/users/contracts/ HTTP/1.1" 200 14781
[03/Oct/2026 11:22:02] "GET /api/users/notifications/ HTTP/1.1" 200 3432
[03/Oct/2026 11:22:02] "GET /api/users/contracts/ HTTP/1.1" 200 14781
[03/Oct/2026 11:22:03] "GET /api/cart/ HTTP/1.1" 200 3265672
[03/Oct/2026 11:22:03] "GET /api/users/contracts/ HTTP/1.1" 200 14781
[03/Oct/2026 11:22:04] "GET /api/users/notifications/ HTTP/1.1" 200 3432
[03/Oct/2026 11:22:04] "GET /api/commissions/requests/?role=buyer&user_email=halsey%40gmail.com HTTP/1.1" 200 1929
[03/Oct/2026 11:22:06] "GET /api/users/contracts/ HTTP/1.1" 200 14781
[03/Oct/2026 11:22:06] "GET /api/users/notifications/ HTTP/1.1" 200 3432
[03/Oct/2026 11:22:07] "GET /api/users/contracts/ HTTP/1.1" 200 14781
[03/Oct/2026 11:22:07] "GET /api/users/contracts/ HTTP/1.1" 200 14781
[03/Oct/2026 11:22:08] "GET /api/cart/ HTTP/1.1" 200 3265672
[03/Oct/2026 11:22:08] "GET /api/users/contracts/ HTTP/1.1" 200 14781
[03/Oct/2026 11:22:11] "GET /api/users/contracts/ HTTP/1.1" 200 14781
[03/Oct/2026 11:22:11] "GET /api/users/contracts/ HTTP/1.1" 200 14781
[03/Oct/2026 11:22:12] "GET /api/users/contracts/ HTTP/1.1" 200 14781
[03/Oct/2026 11:22:13] "GET /api/cart/ HTTP/1.1" 200 3265672
[03/Oct/2026 11:22:13] "GET /api/users/contracts/ HTTP/1.1" 200 14781
[03/Oct/2026 11:22:16] "GET /api/users/notifications/ HTTP/1.1" 200 3432
[03/Oct/2026 11:22:16] "GET /api/commissions/requests/?role=buyer&user_email=halsey%40gmail.com HTTP/1.1" 200 1929
[03/Oct/2026 11:22:16] "GET /api/users/contracts/ HTTP/1.1" 200 14781
[03/Oct/2026 11:22:16] "GET /api/users/contracts/ HTTP/1.1" 200 14781
[03/Oct/2026 11:22:17] "GET /api/users/contracts/ HTTP/1.1" 200 14781
[03/Oct/2026 11:22:18] "GET /api/cart/ HTTP/1.1" 200 3265672
[03/Oct/2026 11:22:18] "GET /api/users/contracts/ HTTP/1.1" 200 14781
[03/Oct/2026 11:22:19] "GET /api/users/notifications/ HTTP/1.1" 200 3432
[03/Oct/2026 11:22:19] "GET /api/commissions/requests/?role=buyer&user_email=halsey%40gmail.com HTTP/1.1" 200 1929
[03/Oct/2026 11:22:20] "GET /api/users/notifications/ HTTP/1.1" 200 3432
[03/Oct/2026 11:22:21] "GET /api/users/contracts/ HTTP/1.1" 200 14781
[03/Oct/2026 11:22:21] "GET /api/users/contracts/ HTTP/1.1" 200 14781
[03/Oct/2026 11:22:22] "GET /api/users/contracts/ HTTP/1.1" 200 14781
[03/Oct/2026 11:22:23] "GET /api/cart/ HTTP/1.1" 200 3265672
[03/Oct/2026 11:22:23] "GET /api/users/contracts/ HTTP/1.1" 200 14781
[03/Oct/2026 11:22:26] "GET /api/users/contracts/ HTTP/1.1" 200 14781
[03/Oct/2026 11:22:26] "GET /api/users/contracts/ HTTP/1.1" 200 14781
[03/Oct/2026 11:22:27] "GET /api/users/contracts/ HTTP/1.1" 200 14781
[03/Oct/2026 11:22:28] "GET /api/cart/ HTTP/1.1" 200 3265672
[03/Oct/2026 11:22:28] "GET /api/users/contracts/ HTTP/1.1" 200 14781
[03/Oct/2026 11:22:31] "GET /api/users/notifications/ HTTP/1.1" 200 3432
[03/Oct/2026 11:22:31] "GET /api/commissions/requests/?role=buyer&user_email=halsey%40gmail.com HTTP/1.1" 200 1929
[03/Oct/2026 11:22:31] "GET /api/users/contracts/ HTTP/1.1" 200 14781
[03/Oct/2026 11:22:31] "GET /api/users/contracts/ HTTP/1.1" 200 14781
[03/Oct/2026 11:22:32] "GET /api/users/notifications/ HTTP/1.1" 200 3432
[03/Oct/2026 11:22:32] "GET /api/users/contracts/ HTTP/1.1" 200 14781
[03/Oct/2026 11:22:33] "GET /api/cart/ HTTP/1.1" 200 3265672
[03/Oct/2026 11:22:33] "GET /api/users/contracts/ HTTP/1.1" 200 14781
[03/Oct/2026 11:22:34] "GET /api/users/notifications/ HTTP/1.1" 200 3432
[03/Oct/2026 11:22:34] "GET /api/commissions/requests/?role=buyer&user_email=halsey%40gmail.com HTTP/1.1" 200 1929
[03/Oct/2026 11:22:36] "GET /api/users/contracts/ HTTP/1.1" 200 14781
[03/Oct/2026 11:22:36] "GET /api/users/notifications/ HTTP/1.1" 200 3432
[03/Oct/2026 11:22:36] "GET /api/users/contracts/ HTTP/1.1" 200 14781
[03/Oct/2026 11:22:37] "GET /api/users/contracts/ HTTP/1.1" 200 14781
[03/Oct/2026 11:22:38] "GET /api/cart/ HTTP/1.1" 200 3265672
[03/Oct/2026 11:22:38] "GET /api/users/contracts/ HTTP/1.1" 200 14781
[03/Oct/2026 11:22:41] "GET /api/users/contracts/ HTTP/1.1" 200 14781
[03/Oct/2026 11:22:41] "GET /api/users/contracts/ HTTP/1.1" 200 14781
[03/Oct/2026 11:22:42] "GET /api/users/contracts/ HTTP/1.1" 200 14781
[03/Oct/2026 11:22:43] "GET /api/cart/ HTTP/1.1" 200 3265672
[03/Oct/2026 11:22:43] "GET /api/users/contracts/ HTTP/1.1" 200 14781
[03/Oct/2026 11:22:46] "GET /api/users/notifications/ HTTP/1.1" 200 3432
[03/Oct/2026 11:22:46] "GET /api/commissions/requests/?role=buyer&user_email=halsey%40gmail.com HTTP/1.1" 200 1929
[03/Oct/2026 11:22:46] "GET /api/users/contracts/ HTTP/1.1" 200 14781
[03/Oct/2026 11:22:46] "GET /api/users/contracts/ HTTP/1.1" 200 14781
[03/Oct/2026 11:22:47] "GET /api/users/contracts/ HTTP/1.1" 200 14781
[03/Oct/2026 11:22:48] "GET /api/users/contracts/ HTTP/1.1" 200 14781
[03/Oct/2026 11:22:48] "GET /api/cart/ HTTP/1.1" 200 3265672
[03/Oct/2026 11:22:49] "GET /api/users/notifications/ HTTP/1.1" 200 3432
[03/Oct/2026 11:22:49] "GET /api/commissions/requests/?role=buyer&user_email=halsey%40gmail.com HTTP/1.1" 200 1929
[03/Oct/2026 11:22:50] "GET /api/users/notifications/ HTTP/1.1" 200 3432
[03/Oct/2026 11:22:51] "GET /api/users/contracts/ HTTP/1.1" 200 14781
[03/Oct/2026 11:22:51] "GET /api/users/contracts/ HTTP/1.1" 200 14781
[03/Oct/2026 11:22:52] "GET /api/users/contracts/ HTTP/1.1" 200 14781
[03/Oct/2026 11:22:53] "GET /api/users/contracts/ HTTP/1.1" 200 14781
[03/Oct/2026 11:22:53] "GET /api/cart/ HTTP/1.1" 200 3265672
[03/Oct/2026 11:22:56] "GET /api/users/contracts/ HTTP/1.1" 200 14781
[03/Oct/2026 11:22:56] "GET /api/users/contracts/ HTTP/1.1" 200 14781
[03/Oct/2026 11:22:57] "GET /api/users/contracts/ HTTP/1.1" 200 14781
[03/Oct/2026 11:22:58] "GET /api/cart/ HTTP/1.1" 200 3265672
[03/Oct/2026 11:22:58] "GET /api/users/contracts/ HTTP/1.1" 200 14781
[03/Oct/2026 11:23:01] "GET /api/users/notifications/ HTTP/1.1" 200 3432
[03/Oct/2026 11:23:01] "GET /api/commissions/requests/?role=buyer&user_email=halsey%40gmail.com HTTP/1.1" 200 1929
[03/Oct/2026 11:23:01] "GET /api/users/contracts/ HTTP/1.1" 200 14781
[03/Oct/2026 11:23:01] "GET /api/users/contracts/ HTTP/1.1" 200 14781
[03/Oct/2026 11:23:02] "GET /api/users/notifications/ HTTP/1.1" 200 3432
[03/Oct/2026 11:23:02] "GET /api/users/contracts/ HTTP/1.1" 200 14781
[03/Oct/2026 11:23:03] "GET /api/cart/ HTTP/1.1" 200 3265672
[03/Oct/2026 11:23:03] "GET /api/users/contracts/ HTTP/1.1" 200 14781
[03/Oct/2026 11:23:04] "GET /api/users/notifications/ HTTP/1.1" 200 3432
[03/Oct/2026 11:23:04] "GET /api/commissions/requests/?role=buyer&user_email=halsey%40gmail.com HTTP/1.1" 200 1929
[03/Oct/2026 11:23:06] "GET /api/users/contracts/ HTTP/1.1" 200 14781
[03/Oct/2026 11:23:06] "GET /api/users/notifications/ HTTP/1.1" 200 3432
[03/Oct/2026 11:23:06] "GET /api/users/contracts/ HTTP/1.1" 200 14781
[03/Oct/2026 11:23:07] "GET /api/users/contracts/ HTTP/1.1" 200 14781
[03/Oct/2026 11:23:08] "GET /api/users/contracts/ HTTP/1.1" 200 14781
[03/Oct/2026 11:23:08] "GET /api/cart/ HTTP/1.1" 200 3265672
[03/Oct/2026 11:23:11] "GET /api/users/contracts/ HTTP/1.1" 200 14781
[03/Oct/2026 11:23:11] "GET /api/users/contracts/ HTTP/1.1" 200 14781
[03/Oct/2026 11:23:12] "GET /api/users/contracts/ HTTP/1.1" 200 14781
[03/Oct/2026 11:23:13] "GET /api/cart/ HTTP/1.1" 200 3265672
[03/Oct/2026 11:23:13] "GET /api/users/contracts/ HTTP/1.1" 200 14781
[03/Oct/2026 11:23:16] "GET /api/users/notifications/ HTTP/1.1" 200 3432
[03/Oct/2026 11:23:16] "GET /api/commissions/requests/?role=buyer&user_email=halsey%40gmail.com HTTP/1.1" 200 1929
[03/Oct/2026 11:23:16] "GET /api/users/contracts/ HTTP/1.1" 200 14781
[03/Oct/2026 11:23:16] "GET /api/users/contracts/ HTTP/1.1" 200 14781
[03/Oct/2026 11:23:17] "GET /api/users/contracts/ HTTP/1.1" 200 14781
[03/Oct/2026 11:23:18] "GET /api/cart/ HTTP/1.1" 200 3265672
[03/Oct/2026 11:23:18] "GET /api/users/contracts/ HTTP/1.1" 200 14781
[03/Oct/2026 11:23:19] "GET /api/users/notifications/ HTTP/1.1" 200 3432
[03/Oct/2026 11:23:19] "GET /api/commissions/requests/?role=buyer&user_email=halsey%40gmail.com HTTP/1.1" 200 1929
[03/Oct/2026 11:23:20] "GET /api/users/notifications/ HTTP/1.1" 200 3432
[03/Oct/2026 11:23:21] "GET /api/users/contracts/ HTTP/1.1" 200 14781
[03/Oct/2026 11:23:21] "GET /api/users/contracts/ HTTP/1.1" 200 14781
[03/Oct/2026 11:23:22] "GET /api/users/contracts/ HTTP/1.1" 200 14781
[03/Oct/2026 11:23:23] "GET /api/cart/ HTTP/1.1" 200 3265672
[03/Oct/2026 11:23:23] "GET /api/users/contracts/ HTTP/1.1" 200 14781
[03/Oct/2026 11:23:26] "GET /api/users/contracts/ HTTP/1.1" 200 14781
[03/Oct/2026 11:23:26] "GET /api/users/contracts/ HTTP/1.1" 200 14781
[03/Oct/2026 11:23:27] "GET /api/users/contracts/ HTTP/1.1" 200 14781
[03/Oct/2026 11:23:28] "GET /api/cart/ HTTP/1.1" 200 3265672
[03/Oct/2026 11:23:28] "GET /api/users/contracts/ HTTP/1.1" 200 14781
[03/Oct/2026 11:23:31] "GET /api/users/notifications/ HTTP/1.1" 200 3432
[03/Oct/2026 11:23:31] "GET /api/commissions/requests/?role=buyer&user_email=halsey%40gmail.com HTTP/1.1" 200 1929
[03/Oct/2026 11:23:31] "GET /api/users/contracts/ HTTP/1.1" 200 14781
[03/Oct/2026 11:23:31] "GET /api/users/contracts/ HTTP/1.1" 200 14781
[03/Oct/2026 11:23:32] "GET /api/users/notifications/ HTTP/1.1" 200 3432
[03/Oct/2026 11:23:32] "GET /api/users/contracts/ HTTP/1.1" 200 14781
[03/Oct/2026 11:23:33] "GET /api/cart/ HTTP/1.1" 200 3265672
[03/Oct/2026 11:23:33] "GET /api/users/contracts/ HTTP/1.1" 200 14781
[03/Oct/2026 11:23:34] "GET /api/users/notifications/ HTTP/1.1" 200 3432
[03/Oct/2026 11:23:34] "GET /api/commissions/requests/?role=buyer&user_email=halsey%40gmail.com HTTP/1.1" 200 1929
[03/Oct/2026 11:23:36] "GET /api/users/contracts/ HTTP/1.1" 200 14781
[03/Oct/2026 11:23:36] "GET /api/users/notifications/ HTTP/1.1" 200 3432
[03/Oct/2026 11:23:36] "GET /api/users/contracts/ HTTP/1.1" 200 14781
[03/Oct/2026 11:23:37] "GET /api/users/contracts/ HTTP/1.1" 200 14781
[03/Oct/2026 11:23:38] "GET /api/cart/ HTTP/1.1" 200 3265672
[03/Oct/2026 11:23:38] "GET /api/users/contracts/ HTTP/1.1" 200 14781
[03/Oct/2026 11:23:41] "GET /api/users/contracts/ HTTP/1.1" 200 14781
[03/Oct/2026 11:23:41] "GET /api/users/contracts/ HTTP/1.1" 200 14781
[03/Oct/2026 11:23:42] "GET /api/users/contracts/ HTTP/1.1" 200 14781
[03/Oct/2026 11:23:43] "GET /api/cart/ HTTP/1.1" 200 3265672
[03/Oct/2026 11:23:43] "GET /api/users/contracts/ HTTP/1.1" 200 14781
[03/Oct/2026 11:23:46] "GET /api/users/notifications/ HTTP/1.1" 200 3432
[03/Oct/2026 11:23:46] "GET /api/commissions/requests/?role=buyer&user_email=halsey%40gmail.com HTTP/1.1" 200 1929
[03/Oct/2026 11:23:46] "GET /api/users/contracts/ HTTP/1.1" 200 14781
[03/Oct/2026 11:23:47] "GET /api/users/contracts/ HTTP/1.1" 200 14781
[03/Oct/2026 11:23:47] "GET /api/users/contracts/ HTTP/1.1" 200 14781
[03/Oct/2026 11:23:48] "GET /api/cart/ HTTP/1.1" 200 3265672
[03/Oct/2026 11:23:48] "GET /api/users/contracts/ HTTP/1.1" 200 14781
[03/Oct/2026 11:23:49] "GET /api/users/notifications/ HTTP/1.1" 200 3432
[03/Oct/2026 11:23:49] "GET /api/commissions/requests/?role=buyer&user_email=halsey%40gmail.com HTTP/1.1" 200 1929
[03/Oct/2026 11:23:50] "GET /api/users/notifications/ HTTP/1.1" 200 3432
[03/Oct/2026 11:23:51] "GET /api/users/contracts/ HTTP/1.1" 200 14781
[03/Oct/2026 11:23:51] "GET /api/users/contracts/ HTTP/1.1" 200 14781
[03/Oct/2026 11:23:52] "GET /api/users/contracts/ HTTP/1.1" 200 14781
[03/Oct/2026 11:23:53] "GET /api/cart/ HTTP/1.1" 200 3265672
[03/Oct/2026 11:23:53] "GET /api/users/contracts/ HTTP/1.1" 200 14781
[03/Oct/2026 11:23:56] "GET /api/users/contracts/ HTTP/1.1" 200 14781
[03/Oct/2026 11:23:56] "GET /api/users/contracts/ HTTP/1.1" 200 14781
[03/Oct/2026 11:23:57] "GET /api/users/contracts/ HTTP/1.1" 200 14781
[03/Oct/2026 11:23:58] "GET /api/cart/ HTTP/1.1" 200 3265672
[03/Oct/2026 11:23:58] "GET /api/users/contracts/ HTTP/1.1" 200 14781
[03/Oct/2026 11:24:01] "GET /api/users/notifications/ HTTP/1.1" 200 3432
[03/Oct/2026 11:24:01] "GET /api/commissions/requests/?role=buyer&user_email=halsey%40gmail.com HTTP/1.1" 200 1929
[03/Oct/2026 11:24:01] "GET /api/users/contracts/ HTTP/1.1" 200 14781
[03/Oct/2026 11:24:01] "GET /api/users/contracts/ HTTP/1.1" 200 14781
[03/Oct/2026 11:24:02] "GET /api/users/notifications/ HTTP/1.1" 200 3432
[03/Oct/2026 11:24:02] "GET /api/users/contracts/ HTTP/1.1" 200 14781
[03/Oct/2026 11:24:03] "GET /api/cart/ HTTP/1.1" 200 3265672
[03/Oct/2026 11:24:03] "GET /api/users/contracts/ HTTP/1.1" 200 14781
[03/Oct/2026 11:24:04] "GET /api/users/notifications/ HTTP/1.1" 200 3432
[03/Oct/2026 11:24:04] "GET /api/commissions/requests/?role=buyer&user_email=halsey%40gmail.com HTTP/1.1" 200 1929
[03/Oct/2026 11:24:06] "GET /api/users/contracts/ HTTP/1.1" 200 14781
[03/Oct/2026 11:24:06] "GET /api/users/notifications/ HTTP/1.1" 200 3432
[03/Oct/2026 11:24:06] "GET /api/users/contracts/ HTTP/1.1" 200 14781
[03/Oct/2026 11:24:07] "GET /api/users/contracts/ HTTP/1.1" 200 14781
[03/Oct/2026 11:24:08] "GET /api/cart/ HTTP/1.1" 200 3265672
[03/Oct/2026 11:24:08] "GET /api/users/contracts/ HTTP/1.1" 200 14781
[03/Oct/2026 11:24:11] "GET /api/users/contracts/ HTTP/1.1" 200 14781
[03/Oct/2026 11:24:11] "GET /api/users/contracts/ HTTP/1.1" 200 14781
[03/Oct/2026 11:24:12] "GET /api/users/contracts/ HTTP/1.1" 200 14781
[03/Oct/2026 11:24:13] "GET /api/cart/ HTTP/1.1" 200 3265672
[03/Oct/2026 11:24:13] "GET /api/users/contracts/ HTTP/1.1" 200 14781
[03/Oct/2026 11:24:16] "GET /api/users/notifications/ HTTP/1.1" 200 3432
[03/Oct/2026 11:24:16] "GET /api/commissions/requests/?role=buyer&user_email=halsey%40gmail.com HTTP/1.1" 200 1929
[03/Oct/2026 11:24:16] "GET /api/users/contracts/ HTTP/1.1" 200 14781
[03/Oct/2026 11:24:16] "GET /api/users/contracts/ HTTP/1.1" 200 14781
[03/Oct/2026 11:24:17] "GET /api/users/contracts/ HTTP/1.1" 200 14781
[03/Oct/2026 11:24:18] "GET /api/cart/ HTTP/1.1" 200 3265672
[03/Oct/2026 11:24:18] "GET /api/users/contracts/ HTTP/1.1" 200 14781
[03/Oct/2026 11:24:19] "GET /api/users/notifications/ HTTP/1.1" 200 3432
[03/Oct/2026 11:24:19] "GET /api/commissions/requests/?role=buyer&user_email=halsey%40gmail.com HTTP/1.1" 200 1929
[03/Oct/2026 11:24:20] "GET /api/users/notifications/ HTTP/1.1" 200 3432
[03/Oct/2026 11:24:21] "GET /api/users/contracts/ HTTP/1.1" 200 14781
[03/Oct/2026 11:24:21] "GET /api/users/contracts/ HTTP/1.1" 200 14781
[03/Oct/2026 11:24:22] "GET /api/users/contracts/ HTTP/1.1" 200 14781
[03/Oct/2026 11:24:23] "GET /api/cart/ HTTP/1.1" 200 3265672
[03/Oct/2026 11:24:23] "GET /api/users/contracts/ HTTP/1.1" 200 14781
[03/Oct/2026 11:24:26] "GET /api/users/contracts/ HTTP/1.1" 200 14781
[03/Oct/2026 11:24:26] "GET /api/users/contracts/ HTTP/1.1" 200 14781
[03/Oct/2026 11:24:27] "GET /api/users/contracts/ HTTP/1.1" 200 14781
[03/Oct/2026 11:24:28] "GET /api/cart/ HTTP/1.1" 200 3265672
[03/Oct/2026 11:24:28] "GET /api/users/contracts/ HTTP/1.1" 200 14781
[03/Oct/2026 11:24:31] "GET /api/users/notifications/ HTTP/1.1" 200 3432
[03/Oct/2026 11:24:31] "GET /api/commissions/requests/?role=buyer&user_email=halsey%40gmail.com HTTP/1.1" 200 1929
[03/Oct/2026 11:24:31] "GET /api/users/contracts/ HTTP/1.1" 200 14781
[03/Oct/2026 11:24:31] "GET /api/users/contracts/ HTTP/1.1" 200 14781
[03/Oct/2026 11:24:32] "GET /api/users/notifications/ HTTP/1.1" 200 3432
[03/Oct/2026 11:24:32] "GET /api/users/contracts/ HTTP/1.1" 200 14781
[03/Oct/2026 11:24:33] "GET /api/cart/ HTTP/1.1" 200 3265672
[03/Oct/2026 11:24:33] "GET /api/users/contracts/ HTTP/1.1" 200 14781
[03/Oct/2026 11:24:34] "GET /api/users/notifications/ HTTP/1.1" 200 3432
[03/Oct/2026 11:24:34] "GET /api/commissions/requests/?role=buyer&user_email=halsey%40gmail.com HTTP/1.1" 200 1929
[03/Oct/2026 11:24:36] "GET /api/users/contracts/ HTTP/1.1" 200 14781
[03/Oct/2026 11:24:36] "GET /api/users/notifications/ HTTP/1.1" 200 3432
[03/Oct/2026 11:24:36] "GET /api/users/contracts/ HTTP/1.1" 200 14781
[03/Oct/2026 11:24:37] "GET /api/users/contracts/ HTTP/1.1" 200 14781
[03/Oct/2026 11:24:38] "GET /api/cart/ HTTP/1.1" 200 3265672
[03/Oct/2026 11:24:38] "GET /api/users/contracts/ HTTP/1.1" 200 14781
[03/Oct/2026 11:24:41] "GET /api/users/contracts/ HTTP/1.1" 200 14781
[03/Oct/2026 11:24:41] "GET /api/users/contracts/ HTTP/1.1" 200 14781
[03/Oct/2026 11:24:42] "GET /api/users/contracts/ HTTP/1.1" 200 14781
[03/Oct/2026 11:24:43] "GET /api/cart/ HTTP/1.1" 200 3265672
[03/Oct/2026 11:24:43] "GET /api/users/contracts/ HTTP/1.1" 200 14781
[03/Oct/2026 11:24:46] "GET /api/users/notifications/ HTTP/1.1" 200 3432
[03/Oct/2026 11:24:46] "GET /api/commissions/requests/?role=buyer&user_email=halsey%40gmail.com HTTP/1.1" 200 1929
[03/Oct/2026 11:24:46] "GET /api/users/contracts/ HTTP/1.1" 200 14781
[03/Oct/2026 11:24:46] "GET /api/users/contracts/ HTTP/1.1" 200 14781
[03/Oct/2026 11:24:47] "GET /api/users/contracts/ HTTP/1.1" 200 14781
[03/Oct/2026 11:24:48] "GET /api/cart/ HTTP/1.1" 200 3265672
[03/Oct/2026 11:24:48] "GET /api/users/contracts/ HTTP/1.1" 200 14781
[03/Oct/2026 11:24:49] "GET /api/users/notifications/ HTTP/1.1" 200 3432
[03/Oct/2026 11:24:49] "GET /api/commissions/requests/?role=buyer&user_email=halsey%40gmail.com HTTP/1.1" 200 1929
[03/Oct/2026 11:24:50] "GET /api/users/notifications/ HTTP/1.1" 200 3432
[03/Oct/2026 11:24:51] "GET /api/users/contracts/ HTTP/1.1" 200 14781
[03/Oct/2026 11:24:51] "GET /api/users/contracts/ HTTP/1.1" 200 14781
[03/Oct/2026 11:24:52] "GET /api/users/contracts/ HTTP/1.1" 200 14781
[03/Oct/2026 11:24:53] "GET /api/cart/ HTTP/1.1" 200 3265672
[03/Oct/2026 11:24:53] "GET /api/users/contracts/ HTTP/1.1" 200 14781
[03/Oct/2026 11:24:56] "GET /api/users/contracts/ HTTP/1.1" 200 14781
[03/Oct/2026 11:24:57] "GET /api/users/contracts/ HTTP/1.1" 200 14781
[03/Oct/2026 11:24:57] "GET /api/users/contracts/ HTTP/1.1" 200 14781
[03/Oct/2026 11:24:58] "GET /api/cart/ HTTP/1.1" 200 3265672
[03/Oct/2026 11:24:58] "GET /api/users/contracts/ HTTP/1.1" 200 14781
[03/Oct/2026 11:25:01] "GET /api/users/notifications/ HTTP/1.1" 200 3432
[03/Oct/2026 11:25:01] "GET /api/commissions/requests/?role=buyer&user_email=halsey%40gmail.com HTTP/1.1" 200 1929
[03/Oct/2026 11:25:01] "GET /api/users/contracts/ HTTP/1.1" 200 14781
[03/Oct/2026 11:25:02] "GET /api/users/contracts/ HTTP/1.1" 200 14781
[03/Oct/2026 11:25:02] "GET /api/users/notifications/ HTTP/1.1" 200 3432
[03/Oct/2026 11:25:02] "GET /api/users/contracts/ HTTP/1.1" 200 14781
[03/Oct/2026 11:25:03] "GET /api/cart/ HTTP/1.1" 200 3265672
[03/Oct/2026 11:25:03] "GET /api/users/contracts/ HTTP/1.1" 200 14781
[03/Oct/2026 11:25:04] "GET /api/users/notifications/ HTTP/1.1" 200 3432
[03/Oct/2026 11:25:04] "GET /api/commissions/requests/?role=buyer&user_email=halsey%40gmail.com HTTP/1.1" 200 1929
[03/Oct/2026 11:25:06] "GET /api/users/contracts/ HTTP/1.1" 200 14781
[03/Oct/2026 11:25:06] "GET /api/users/notifications/ HTTP/1.1" 200 3432
[03/Oct/2026 11:25:06] "GET /api/users/contracts/ HTTP/1.1" 200 14781
[03/Oct/2026 11:25:07] "GET /api/users/contracts/ HTTP/1.1" 200 14781
[03/Oct/2026 11:25:08] "GET /api/cart/ HTTP/1.1" 200 3265672
[03/Oct/2026 11:25:08] "GET /api/users/contracts/ HTTP/1.1" 200 14781
[03/Oct/2026 11:25:11] "GET /api/users/contracts/ HTTP/1.1" 200 14781
[03/Oct/2026 11:25:12] "GET /api/users/contracts/ HTTP/1.1" 200 14781
[03/Oct/2026 11:25:12] "GET /api/users/contracts/ HTTP/1.1" 200 14781
[03/Oct/2026 11:25:13] "GET /api/cart/ HTTP/1.1" 200 3265672
[03/Oct/2026 11:25:13] "GET /api/users/contracts/ HTTP/1.1" 200 14781
[03/Oct/2026 11:25:15] "GET /api/cart/ HTTP/1.1" 200 3265672
[03/Oct/2026 11:25:15] "GET /api/users/contracts/ HTTP/1.1" 200 14781
[03/Oct/2026 11:25:16] "GET /api/users/artworks/29/ HTTP/1.1" 200 34191
[03/Oct/2026 11:25:16] "GET /api/users/artworks/34/ HTTP/1.1" 200 132024
[03/Oct/2026 11:25:16] "GET /api/users/artworks/30/ HTTP/1.1" 200 439050
[03/Oct/2026 11:25:16] "GET /api/users/artworks/32/ HTTP/1.1" 200 196820
[03/Oct/2026 11:25:16] "GET /api/users/artworks/22/ HTTP/1.1" 200 200568
[03/Oct/2026 11:25:16] "GET /api/users/artworks/28/ HTTP/1.1" 200 2845349
[03/Oct/2026 11:25:16] "GET /api/users/artworks/26/ HTTP/1.1" 200 31726
[03/Oct/2026 11:25:16] "GET /api/users/artworks/24/ HTTP/1.1" 200 183201
[03/Oct/2026 11:25:17] "GET /api/users/artworks/25/ HTTP/1.1" 200 134336
[03/Oct/2026 11:25:17] "GET /api/users/artworks/27/ HTTP/1.1" 200 77299
[03/Oct/2026 11:25:17] "GET /api/users/artworks/23/ HTTP/1.1" 200 57758
[03/Oct/2026 11:25:17] "GET /api/users/artworks/18/ HTTP/1.1" 200 90979
[03/Oct/2026 11:25:17] "GET /api/users/artworks/21/ HTTP/1.1" 200 385741
[03/Oct/2026 11:25:17] "GET /api/commissions/requests/?role=buyer&user_email=halsey%40gmail.com HTTP/1.1" 200 1929
[03/Oct/2026 11:25:17] "GET /api/users/artworks/20/ HTTP/1.1" 200 33297
[03/Oct/2026 11:25:17] "GET /api/users/notifications/ HTTP/1.1" 200 3432
[03/Oct/2026 11:25:17] "GET /api/users/contracts/ HTTP/1.1" 200 14781
[03/Oct/2026 11:25:18] "GET /api/users/contracts/ HTTP/1.1" 200 14781
[03/Oct/2026 11:25:19] "GET /api/users/contracts/ HTTP/1.1" 200 14781
[03/Oct/2026 11:25:19] "GET /api/users/notifications/ HTTP/1.1" 200 3432
[03/Oct/2026 11:25:19] "GET /api/commissions/requests/?role=buyer&user_email=halsey%40gmail.com HTTP/1.1" 200 1929
[03/Oct/2026 11:25:20] "GET /api/cart/ HTTP/1.1" 200 3265672
[03/Oct/2026 11:25:21] "GET /api/users/notifications/ HTTP/1.1" 200 3432
[03/Oct/2026 11:25:21] "GET /api/users/contracts/ HTTP/1.1" 200 14781
[03/Oct/2026 11:25:21] "GET /auth/me/ HTTP/1.1" 200 361
[03/Oct/2026 11:25:21] "GET /api/users/contracts/ HTTP/1.1" 200 14781
[03/Oct/2026 11:25:22] "GET /api/users/notifications/ HTTP/1.1" 200 3432
[03/Oct/2026 11:25:22] "GET /api/commissions/requests/?role=buyer&user_email=halsey%40gmail.com HTTP/1.1" 200 1929
[03/Oct/2026 11:25:22] "GET /api/wallet/ HTTP/1.1" 200 109
[03/Oct/2026 11:25:22] "GET /api/purchases/ HTTP/1.1" 200 8342321
[03/Oct/2026 11:25:22] "GET /api/users/contracts/ HTTP/1.1" 200 14781
[03/Oct/2026 11:25:22] "GET /api/users/contracts/ HTTP/1.1" 200 14781
[03/Oct/2026 11:25:23] "GET /auth/me/ HTTP/1.1" 200 361
[03/Oct/2026 11:25:23] "GET /api/commissions/requests/?role=buyer&user_email=halsey%40gmail.com&buyer_username=halsey HTTP/1.1" 200 1929
[03/Oct/2026 11:25:23] "GET /api/commissions/requests/14/track/ HTTP/1.1" 200 112
[03/Oct/2026 11:25:26] "GET /api/commissions/requests/13/track/ HTTP/1.1" 200 73225
[03/Oct/2026 11:25:27] "GET /api/users/contracts/ HTTP/1.1" 200 14781
[03/Oct/2026 11:25:27] "GET /api/users/contracts/ HTTP/1.1" 200 14781
[03/Oct/2026 11:25:28] "GET /api/users/contracts/ HTTP/1.1" 200 14781
[03/Oct/2026 11:25:31] "GET /api/users/notifications/ HTTP/1.1" 200 3432
[03/Oct/2026 11:25:31] "GET /api/commissions/requests/?role=buyer&user_email=halsey%40gmail.com HTTP/1.1" 200 1929
[03/Oct/2026 11:25:31] "GET /api/users/contracts/ HTTP/1.1" 200 14781
[03/Oct/2026 11:25:31] "GET /api/users/contracts/ HTTP/1.1" 200 14781
[03/Oct/2026 11:25:32] "GET /api/users/notifications/ HTTP/1.1" 200 3432
[03/Oct/2026 11:25:32] "GET /api/users/contracts/ HTTP/1.1" 200 14781
[03/Oct/2026 11:25:34] "GET /api/users/notifications/ HTTP/1.1" 200 3432
[03/Oct/2026 11:25:34] "GET /api/commissions/requests/?role=buyer&user_email=halsey%40gmail.com HTTP/1.1" 200 1929
[03/Oct/2026 11:25:36] "GET /api/users/contracts/ HTTP/1.1" 200 14781
[03/Oct/2026 11:25:36] "GET /api/users/notifications/ HTTP/1.1" 200 3432
[03/Oct/2026 11:25:36] "GET /api/commissions/requests/?role=buyer&user_email=halsey%40gmail.com HTTP/1.1" 200 1929
[03/Oct/2026 11:25:37] "GET /api/users/contracts/ HTTP/1.1" 200 14781
[03/Oct/2026 11:25:37] "GET /api/users/notifications/ HTTP/1.1" 200 3432
[03/Oct/2026 11:25:37] "GET /api/users/contracts/ HTTP/1.1" 200 14781
[03/Oct/2026 11:25:39] "GET /api/delivery/orders/active/ HTTP/1.1" 200 682
[03/Oct/2026 11:25:41] "GET /api/users/contracts/ HTTP/1.1" 200 14781
[03/Oct/2026 11:25:41] "GET /api/users/contracts/ HTTP/1.1" 200 14781
[03/Oct/2026 11:25:42] "GET /api/users/contracts/ HTTP/1.1" 200 14781
[03/Oct/2026 11:25:46] "GET /api/users/notifications/ HTTP/1.1" 200 3432
[03/Oct/2026 11:25:46] "GET /api/commissions/requests/?role=buyer&user_email=halsey%40gmail.com HTTP/1.1" 200 1929
[03/Oct/2026 11:25:46] "GET /api/users/contracts/ HTTP/1.1" 200 14781
[03/Oct/2026 11:25:46] "GET /api/users/contracts/ HTTP/1.1" 200 14781
[03/Oct/2026 11:25:47] "GET /api/purchases/ HTTP/1.1" 200 8342321
[03/Oct/2026 11:25:47] "GET /api/users/contracts/ HTTP/1.1" 200 14781
[03/Oct/2026 11:25:49] "GET /api/users/notifications/ HTTP/1.1" 200 3432
[03/Oct/2026 11:25:49] "GET /api/commissions/requests/?role=buyer&user_email=halsey%40gmail.com HTTP/1.1" 200 1929
[03/Oct/2026 11:25:50] "GET /api/users/notifications/ HTTP/1.1" 200 3432
[03/Oct/2026 11:25:51] "GET /api/users/contracts/ HTTP/1.1" 200 14781
[03/Oct/2026 11:25:51] "GET /api/users/contracts/ HTTP/1.1" 200 14781
[03/Oct/2026 11:25:51] "GET /api/users/notifications/ HTTP/1.1" 200 3432
[03/Oct/2026 11:25:52] "GET /api/commissions/requests/?role=buyer&user_email=halsey%40gmail.com HTTP/1.1" 200 1929
[03/Oct/2026 11:25:52] "GET /api/users/contracts/ HTTP/1.1" 200 14781
[03/Oct/2026 11:25:56] "GET /api/users/contracts/ HTTP/1.1" 200 14781
[03/Oct/2026 11:25:56] "GET /api/users/contracts/ HTTP/1.1" 200 14781
[03/Oct/2026 11:25:57] "GET /api/purchases/ HTTP/1.1" 200 8342321
[03/Oct/2026 11:25:57] "GET /api/users/contracts/ HTTP/1.1" 200 14781
[03/Oct/2026 11:26:01] "GET /api/users/notifications/ HTTP/1.1" 200 3432
[03/Oct/2026 11:26:01] "GET /api/commissions/requests/?role=buyer&user_email=halsey%40gmail.com HTTP/1.1" 200 1929
[03/Oct/2026 11:26:01] "GET /api/users/contracts/ HTTP/1.1" 200 14781
[03/Oct/2026 11:26:01] "GET /api/users/contracts/ HTTP/1.1" 200 14781
[03/Oct/2026 11:26:02] "GET /api/users/notifications/ HTTP/1.1" 200 3432
[03/Oct/2026 11:26:02] "GET /api/users/contracts/ HTTP/1.1" 200 14781
[03/Oct/2026 11:26:04] "GET /api/users/notifications/ HTTP/1.1" 200 3432
[03/Oct/2026 11:26:04] "GET /api/commissions/requests/?role=buyer&user_email=halsey%40gmail.com HTTP/1.1" 200 1929
[03/Oct/2026 11:26:06] "GET /api/users/contracts/ HTTP/1.1" 200 14781
[03/Oct/2026 11:26:06] "GET /api/users/notifications/ HTTP/1.1" 200 3432
[03/Oct/2026 11:26:06] "GET /api/users/contracts/ HTTP/1.1" 200 14781
[03/Oct/2026 11:26:06] "GET /api/users/notifications/ HTTP/1.1" 200 3432
[03/Oct/2026 11:26:06] "GET /api/commissions/requests/?role=buyer&user_email=halsey%40gmail.com HTTP/1.1" 200 1929
[03/Oct/2026 11:26:07] "GET /api/purchases/ HTTP/1.1" 200 8342321
[03/Oct/2026 11:26:07] "GET /api/users/contracts/ HTTP/1.1" 200 14781
[03/Oct/2026 11:26:11] "GET /api/users/contracts/ HTTP/1.1" 200 14781
[03/Oct/2026 11:26:11] "GET /api/users/contracts/ HTTP/1.1" 200 14781
[03/Oct/2026 11:26:12] "GET /api/users/contracts/ HTTP/1.1" 200 14781
[03/Oct/2026 11:26:16] "GET /api/commissions/requests/?role=buyer&user_email=halsey%40gmail.com HTTP/1.1" 200 1929
[03/Oct/2026 11:26:16] "GET /api/users/notifications/ HTTP/1.1" 200 3432
[03/Oct/2026 11:26:16] "GET /api/users/contracts/ HTTP/1.1" 200 14781
[03/Oct/2026 11:26:17] "GET /api/purchases/ HTTP/1.1" 200 8342321
[03/Oct/2026 11:26:17] "GET /api/users/contracts/ HTTP/1.1" 200 14781
[03/Oct/2026 11:26:18] "GET /api/users/contracts/ HTTP/1.1" 200 14781
[03/Oct/2026 11:26:19] "GET /api/commissions/requests/?role=buyer&user_email=halsey%40gmail.com HTTP/1.1" 200 1929
[03/Oct/2026 11:26:19] "GET /api/users/notifications/ HTTP/1.1" 200 3432
[03/Oct/2026 11:26:20] "GET /api/users/notifications/ HTTP/1.1" 200 3432
[03/Oct/2026 11:26:21] "GET /api/users/contracts/ HTTP/1.1" 200 14781
[03/Oct/2026 11:26:22] "GET /api/users/notifications/ HTTP/1.1" 200 3432
[03/Oct/2026 11:26:22] "GET /api/commissions/requests/?role=buyer&user_email=halsey%40gmail.com HTTP/1.1" 200 1929
[03/Oct/2026 11:26:22] "GET /api/users/contracts/ HTTP/1.1" 200 14781
[03/Oct/2026 11:26:22] "GET /api/users/contracts/ HTTP/1.1" 200 14781
[03/Oct/2026 11:26:26] "GET /api/users/contracts/ HTTP/1.1" 200 14781
[03/Oct/2026 11:26:26] "GET /api/users/contracts/ HTTP/1.1" 200 14781
[03/Oct/2026 11:26:27] "GET /api/purchases/ HTTP/1.1" 200 8342321
[03/Oct/2026 11:26:27] "GET /api/users/contracts/ HTTP/1.1" 200 14781
[03/Oct/2026 11:26:31] "GET /api/users/notifications/ HTTP/1.1" 200 3432
[03/Oct/2026 11:26:31] "GET /api/commissions/requests/?role=buyer&user_email=halsey%40gmail.com HTTP/1.1" 200 1929
[03/Oct/2026 11:26:31] "GET /api/users/contracts/ HTTP/1.1" 200 14781
[03/Oct/2026 11:26:31] "GET /api/users/contracts/ HTTP/1.1" 200 14781
[03/Oct/2026 11:26:32] "GET /api/users/notifications/ HTTP/1.1" 200 3432
[03/Oct/2026 11:26:32] "GET /api/users/contracts/ HTTP/1.1" 200 14781
[03/Oct/2026 11:26:34] "GET /api/users/notifications/ HTTP/1.1" 200 3432
[03/Oct/2026 11:26:34] "GET /api/commissions/requests/?role=buyer&user_email=halsey%40gmail.com HTTP/1.1" 200 1929
[03/Oct/2026 11:26:36] "GET /api/users/contracts/ HTTP/1.1" 200 14781
[03/Oct/2026 11:26:36] "GET /api/users/notifications/ HTTP/1.1" 200 3432
[03/Oct/2026 11:26:37] "GET /api/users/contracts/ HTTP/1.1" 200 14781
[03/Oct/2026 11:26:37] "GET /api/commissions/requests/?role=buyer&user_email=halsey%40gmail.com HTTP/1.1" 200 1929
[03/Oct/2026 11:26:37] "GET /api/users/notifications/ HTTP/1.1" 200 3432
[03/Oct/2026 11:26:37] "GET /api/purchases/ HTTP/1.1" 200 8342321
[03/Oct/2026 11:26:37] "GET /api/users/contracts/ HTTP/1.1" 200 14781
[03/Oct/2026 11:26:41] "GET /api/users/contracts/ HTTP/1.1" 200 14781
[03/Oct/2026 11:26:41] "GET /api/users/contracts/ HTTP/1.1" 200 14781
[03/Oct/2026 11:26:42] "GET /api/users/contracts/ HTTP/1.1" 200 14781
[03/Oct/2026 11:26:46] "GET /api/users/notifications/ HTTP/1.1" 200 3432
[03/Oct/2026 11:26:46] "GET /api/commissions/requests/?role=buyer&user_email=halsey%40gmail.com HTTP/1.1" 200 1929
[03/Oct/2026 11:26:46] "GET /api/users/contracts/ HTTP/1.1" 200 14781
[03/Oct/2026 11:26:46] "GET /api/users/contracts/ HTTP/1.1" 200 14781
[03/Oct/2026 11:26:47] "GET /api/purchases/ HTTP/1.1" 200 8342321
[03/Oct/2026 11:26:47] "GET /api/users/contracts/ HTTP/1.1" 200 14781
[03/Oct/2026 11:26:49] "GET /api/users/notifications/ HTTP/1.1" 200 3432
[03/Oct/2026 11:26:49] "GET /api/commissions/requests/?role=buyer&user_email=halsey%40gmail.com HTTP/1.1" 200 1929
[03/Oct/2026 11:26:50] "GET /api/users/notifications/ HTTP/1.1" 200 3432
[03/Oct/2026 11:26:51] "GET /api/users/contracts/ HTTP/1.1" 200 14781
[03/Oct/2026 11:26:51] "GET /api/users/notifications/ HTTP/1.1" 200 3432
[03/Oct/2026 11:26:51] "GET /api/commissions/requests/?role=buyer&user_email=halsey%40gmail.com HTTP/1.1" 200 1929
[03/Oct/2026 11:26:51] "GET /api/users/contracts/ HTTP/1.1" 200 14781
[03/Oct/2026 11:26:52] "GET /api/users/contracts/ HTTP/1.1" 200 14781
[03/Oct/2026 11:26:56] "GET /api/users/contracts/ HTTP/1.1" 200 14781
[03/Oct/2026 11:26:56] "GET /api/users/contracts/ HTTP/1.1" 200 14781
[03/Oct/2026 11:26:57] "GET /api/purchases/ HTTP/1.1" 200 8342321
[03/Oct/2026 11:26:57] "GET /api/users/contracts/ HTTP/1.1" 200 14781
[03/Oct/2026 11:27:01] "GET /api/users/notifications/ HTTP/1.1" 200 3432
[03/Oct/2026 11:27:01] "GET /api/commissions/requests/?role=buyer&user_email=halsey%40gmail.com HTTP/1.1" 200 1929
[03/Oct/2026 11:27:01] "GET /api/users/contracts/ HTTP/1.1" 200 14781
[03/Oct/2026 11:27:01] "GET /api/users/contracts/ HTTP/1.1" 200 14781
[03/Oct/2026 11:27:02] "GET /api/users/notifications/ HTTP/1.1" 200 3432
[03/Oct/2026 11:27:02] "GET /api/users/contracts/ HTTP/1.1" 200 14781
[03/Oct/2026 11:27:04] "GET /api/users/notifications/ HTTP/1.1" 200 3432
[03/Oct/2026 11:27:04] "GET /api/commissions/requests/?role=buyer&user_email=halsey%40gmail.com HTTP/1.1" 200 1929
[03/Oct/2026 11:27:06] "GET /api/users/contracts/ HTTP/1.1" 200 14781
[03/Oct/2026 11:27:06] "GET /api/users/notifications/ HTTP/1.1" 200 3432
[03/Oct/2026 11:27:06] "GET /api/users/notifications/ HTTP/1.1" 200 3432
[03/Oct/2026 11:27:07] "GET /api/users/contracts/ HTTP/1.1" 200 14781
[03/Oct/2026 11:27:07] "GET /api/commissions/requests/?role=buyer&user_email=halsey%40gmail.com HTTP/1.1" 200 1929
[03/Oct/2026 11:27:07] "GET /api/purchases/ HTTP/1.1" 200 8342321
[03/Oct/2026 11:27:07] "GET /api/users/contracts/ HTTP/1.1" 200 14781
[03/Oct/2026 11:27:11] "GET /api/users/contracts/ HTTP/1.1" 200 14781
[03/Oct/2026 11:27:12] "GET /api/users/contracts/ HTTP/1.1" 200 14781
[03/Oct/2026 11:27:12] "GET /api/users/contracts/ HTTP/1.1" 200 14781
[03/Oct/2026 11:27:16] "GET /api/users/notifications/ HTTP/1.1" 200 3432
[03/Oct/2026 11:27:16] "GET /api/commissions/requests/?role=buyer&user_email=halsey%40gmail.com HTTP/1.1" 200 1929
[03/Oct/2026 11:27:16] "GET /api/users/contracts/ HTTP/1.1" 200 14781
[03/Oct/2026 11:27:17] "GET /api/users/contracts/ HTTP/1.1" 200 14781
[03/Oct/2026 11:27:18] "GET /api/purchases/ HTTP/1.1" 200 8342321
[03/Oct/2026 11:27:18] "GET /api/users/contracts/ HTTP/1.1" 200 14781
[03/Oct/2026 11:27:19] "GET /api/users/notifications/ HTTP/1.1" 200 3432
[03/Oct/2026 11:27:19] "GET /api/commissions/requests/?role=buyer&user_email=halsey%40gmail.com HTTP/1.1" 200 1929
[03/Oct/2026 11:27:20] "GET /api/users/notifications/ HTTP/1.1" 200 3432
[03/Oct/2026 11:27:21] "GET /api/users/contracts/ HTTP/1.1" 200 14781
[03/Oct/2026 11:27:21] "GET /api/users/notifications/ HTTP/1.1" 200 3432
[03/Oct/2026 11:27:21] "GET /api/commissions/requests/?role=buyer&user_email=halsey%40gmail.com HTTP/1.1" 200 1929
[03/Oct/2026 11:27:21] "GET /api/users/contracts/ HTTP/1.1" 200 14781
[03/Oct/2026 11:27:22] "GET /api/users/contracts/ HTTP/1.1" 200 14781
[03/Oct/2026 11:27:26] "GET /api/users/contracts/ HTTP/1.1" 200 14781
[03/Oct/2026 11:27:26] "GET /api/users/contracts/ HTTP/1.1" 200 14781
[03/Oct/2026 11:27:27] "GET /api/purchases/ HTTP/1.1" 200 8342321
[03/Oct/2026 11:27:27] "GET /api/users/contracts/ HTTP/1.1" 200 14781
[03/Oct/2026 11:27:31] "GET /api/users/notifications/ HTTP/1.1" 200 3432
[03/Oct/2026 11:27:31] "GET /api/commissions/requests/?role=buyer&user_email=halsey%40gmail.com HTTP/1.1" 200 1929
[03/Oct/2026 11:27:31] "GET /api/users/contracts/ HTTP/1.1" 200 14781
[03/Oct/2026 11:27:31] "GET /api/users/contracts/ HTTP/1.1" 200 14781
[03/Oct/2026 11:27:32] "GET /api/users/notifications/ HTTP/1.1" 200 3432
[03/Oct/2026 11:27:32] "GET /api/users/contracts/ HTTP/1.1" 200 14781
[03/Oct/2026 11:27:34] "GET /api/users/notifications/ HTTP/1.1" 200 3432
[03/Oct/2026 11:27:34] "GET /api/commissions/requests/?role=buyer&user_email=halsey%40gmail.com HTTP/1.1" 200 1929
[03/Oct/2026 11:27:36] "GET /api/users/contracts/ HTTP/1.1" 200 14781
[03/Oct/2026 11:27:36] "GET /api/users/notifications/ HTTP/1.1" 200 3432
[03/Oct/2026 11:27:36] "GET /api/users/notifications/ HTTP/1.1" 200 3432
[03/Oct/2026 11:27:36] "GET /api/commissions/requests/?role=buyer&user_email=halsey%40gmail.com HTTP/1.1" 200 1929
[03/Oct/2026 11:27:36] "GET /api/users/contracts/ HTTP/1.1" 200 14781
[03/Oct/2026 11:27:37] "GET /api/purchases/ HTTP/1.1" 200 8342321
[03/Oct/2026 11:27:37] "GET /api/users/contracts/ HTTP/1.1" 200 14781
[03/Oct/2026 11:27:41] "GET /api/users/contracts/ HTTP/1.1" 200 14781
[03/Oct/2026 11:27:41] "GET /api/users/contracts/ HTTP/1.1" 200 14781
[03/Oct/2026 11:27:42] "GET /api/users/contracts/ HTTP/1.1" 200 14781
[03/Oct/2026 11:27:46] "GET /api/users/notifications/ HTTP/1.1" 200 3432
[03/Oct/2026 11:27:46] "GET /api/commissions/requests/?role=buyer&user_email=halsey%40gmail.com HTTP/1.1" 200 1929
[03/Oct/2026 11:27:46] "GET /api/users/contracts/ HTTP/1.1" 200 14781
[03/Oct/2026 11:27:47] "GET /api/users/contracts/ HTTP/1.1" 200 14781
[03/Oct/2026 11:27:47] "GET /api/purchases/ HTTP/1.1" 200 8342321
[03/Oct/2026 11:27:47] "GET /api/users/contracts/ HTTP/1.1" 200 14781
[03/Oct/2026 11:27:49] "GET /api/users/notifications/ HTTP/1.1" 200 3432
[03/Oct/2026 11:27:49] "GET /api/commissions/requests/?role=buyer&user_email=halsey%40gmail.com HTTP/1.1" 200 1929
[03/Oct/2026 11:27:50] "GET /api/users/notifications/ HTTP/1.1" 200 3432
[03/Oct/2026 11:27:51] "GET /api/users/contracts/ HTTP/1.1" 200 14781
[03/Oct/2026 11:27:51] "GET /api/users/contracts/ HTTP/1.1" 200 14781
[03/Oct/2026 11:27:51] "GET /api/users/notifications/ HTTP/1.1" 200 3432
[03/Oct/2026 11:27:51] "GET /api/commissions/requests/?role=buyer&user_email=halsey%40gmail.com HTTP/1.1" 200 1929
[03/Oct/2026 11:27:52] "GET /api/users/contracts/ HTTP/1.1" 200 14781
[03/Oct/2026 11:27:56] "GET /api/users/contracts/ HTTP/1.1" 200 14781
[03/Oct/2026 11:27:57] "GET /api/users/contracts/ HTTP/1.1" 200 14781
[03/Oct/2026 11:27:57] "GET /api/purchases/ HTTP/1.1" 200 8342321
[03/Oct/2026 11:27:57] "GET /api/users/contracts/ HTTP/1.1" 200 14781
[03/Oct/2026 11:28:01] "GET /api/users/notifications/ HTTP/1.1" 200 3432
[03/Oct/2026 11:28:01] "GET /api/commissions/requests/?role=buyer&user_email=halsey%40gmail.com HTTP/1.1" 200 1929
[03/Oct/2026 11:28:01] "GET /api/users/contracts/ HTTP/1.1" 200 14781
[03/Oct/2026 11:28:02] "GET /api/users/contracts/ HTTP/1.1" 200 14781
[03/Oct/2026 11:28:02] "GET /api/users/notifications/ HTTP/1.1" 200 3432
[03/Oct/2026 11:28:02] "GET /api/users/contracts/ HTTP/1.1" 200 14781
[03/Oct/2026 11:28:04] "GET /api/users/notifications/ HTTP/1.1" 200 3432
[03/Oct/2026 11:28:04] "GET /api/commissions/requests/?role=buyer&user_email=halsey%40gmail.com HTTP/1.1" 200 1929
[03/Oct/2026 11:28:06] "GET /api/users/contracts/ HTTP/1.1" 200 14781
[03/Oct/2026 11:28:06] "GET /api/users/notifications/ HTTP/1.1" 200 3432
[03/Oct/2026 11:28:06] "GET /api/users/notifications/ HTTP/1.1" 200 3432
[03/Oct/2026 11:28:06] "GET /api/commissions/requests/?role=buyer&user_email=halsey%40gmail.com HTTP/1.1" 200 1929
[03/Oct/2026 11:28:07] "GET /api/purchases/ HTTP/1.1" 200 8342321
[03/Oct/2026 11:28:07] "GET /api/users/contracts/ HTTP/1.1" 200 14781
[03/Oct/2026 11:28:07] "GET /api/users/contracts/ HTTP/1.1" 200 14781
[03/Oct/2026 11:28:11] "GET /api/users/contracts/ HTTP/1.1" 200 14781
[03/Oct/2026 11:28:11] "GET /api/users/contracts/ HTTP/1.1" 200 14781
[03/Oct/2026 11:28:12] "GET /api/users/contracts/ HTTP/1.1" 200 14781
[03/Oct/2026 11:28:16] "GET /api/users/notifications/ HTTP/1.1" 200 3432
[03/Oct/2026 11:28:16] "GET /api/commissions/requests/?role=buyer&user_email=halsey%40gmail.com HTTP/1.1" 200 1929
[03/Oct/2026 11:28:16] "GET /api/users/contracts/ HTTP/1.1" 200 14781
[03/Oct/2026 11:28:16] "GET /api/users/contracts/ HTTP/1.1" 200 14781
[03/Oct/2026 11:28:17] "GET /api/purchases/ HTTP/1.1" 200 8342321
[03/Oct/2026 11:28:17] "GET /api/users/contracts/ HTTP/1.1" 200 14781
[03/Oct/2026 11:28:19] "GET /api/users/notifications/ HTTP/1.1" 200 3432
[03/Oct/2026 11:28:19] "GET /api/commissions/requests/?role=buyer&user_email=halsey%40gmail.com HTTP/1.1" 200 1929
[03/Oct/2026 11:28:20] "GET /api/users/notifications/ HTTP/1.1" 200 3432
[03/Oct/2026 11:28:21] "GET /api/users/contracts/ HTTP/1.1" 200 14781
[03/Oct/2026 11:28:21] "GET /api/users/contracts/ HTTP/1.1" 200 14781
[03/Oct/2026 11:28:21] "GET /api/users/notifications/ HTTP/1.1" 200 3432
[03/Oct/2026 11:28:21] "GET /api/commissions/requests/?role=buyer&user_email=halsey%40gmail.com HTTP/1.1" 200 1929
[03/Oct/2026 11:28:22] "GET /api/users/contracts/ HTTP/1.1" 200 14781
[03/Oct/2026 11:28:26] "GET /api/users/contracts/ HTTP/1.1" 200 14781
[03/Oct/2026 11:28:26] "GET /api/users/contracts/ HTTP/1.1" 200 14781
[03/Oct/2026 11:28:27] "GET /api/purchases/ HTTP/1.1" 200 8342321
[03/Oct/2026 11:28:27] "GET /api/users/contracts/ HTTP/1.1" 200 14781
[03/Oct/2026 11:28:31] "GET /api/users/notifications/ HTTP/1.1" 200 3432
[03/Oct/2026 11:28:31] "GET /api/commissions/requests/?role=buyer&user_email=halsey%40gmail.com HTTP/1.1" 200 1929
[03/Oct/2026 11:28:31] "GET /api/users/contracts/ HTTP/1.1" 200 14781
[03/Oct/2026 11:28:31] "GET /api/users/contracts/ HTTP/1.1" 200 14781
[03/Oct/2026 11:28:32] "GET /api/users/notifications/ HTTP/1.1" 200 3432
[03/Oct/2026 11:28:32] "GET /api/users/contracts/ HTTP/1.1" 200 14781
[03/Oct/2026 11:28:34] "GET /api/users/notifications/ HTTP/1.1" 200 3432
[03/Oct/2026 11:28:34] "GET /api/commissions/requests/?role=buyer&user_email=halsey%40gmail.com HTTP/1.1" 200 1929
[03/Oct/2026 11:28:36] "GET /api/users/contracts/ HTTP/1.1" 200 14781
[03/Oct/2026 11:28:36] "GET /api/users/notifications/ HTTP/1.1" 200 3432
[03/Oct/2026 11:28:36] "GET /api/commissions/requests/?role=buyer&user_email=halsey%40gmail.com HTTP/1.1" 200 1929
[03/Oct/2026 11:28:36] "GET /api/users/contracts/ HTTP/1.1" 200 14781
[03/Oct/2026 11:28:37] "GET /api/users/notifications/ HTTP/1.1" 200 3432
[03/Oct/2026 11:28:37] "GET /api/purchases/ HTTP/1.1" 200 8342321
[03/Oct/2026 11:28:37] "GET /api/users/contracts/ HTTP/1.1" 200 14781
[03/Oct/2026 11:28:41] "GET /api/users/contracts/ HTTP/1.1" 200 14781
[03/Oct/2026 11:28:41] "GET /api/users/contracts/ HTTP/1.1" 200 14781
[03/Oct/2026 11:28:42] "GET /api/users/contracts/ HTTP/1.1" 200 14781
[03/Oct/2026 11:28:46] "GET /api/users/notifications/ HTTP/1.1" 200 3432
[03/Oct/2026 11:28:46] "GET /api/commissions/requests/?role=buyer&user_email=halsey%40gmail.com HTTP/1.1" 200 1929
[03/Oct/2026 11:28:46] "GET /api/users/contracts/ HTTP/1.1" 200 14781
[03/Oct/2026 11:28:46] "GET /api/users/contracts/ HTTP/1.1" 200 14781
[03/Oct/2026 11:28:47] "GET /api/purchases/ HTTP/1.1" 200 8342321
[03/Oct/2026 11:28:47] "GET /api/users/contracts/ HTTP/1.1" 200 14781
[03/Oct/2026 11:28:49] "GET /api/users/notifications/ HTTP/1.1" 200 3432
[03/Oct/2026 11:28:49] "GET /api/commissions/requests/?role=buyer&user_email=halsey%40gmail.com HTTP/1.1" 200 1929
[03/Oct/2026 11:28:50] "GET /api/users/notifications/ HTTP/1.1" 200 3432
[03/Oct/2026 11:28:51] "GET /api/users/contracts/ HTTP/1.1" 200 14781
[03/Oct/2026 11:28:52] "GET /api/users/notifications/ HTTP/1.1" 200 3432
[03/Oct/2026 11:28:52] "GET /api/commissions/requests/?role=buyer&user_email=halsey%40gmail.com HTTP/1.1" 200 1929
[03/Oct/2026 11:28:52] "GET /api/users/contracts/ HTTP/1.1" 200 14781
[03/Oct/2026 11:28:52] "GET /api/users/contracts/ HTTP/1.1" 200 14781
[03/Oct/2026 11:28:56] "GET /api/users/contracts/ HTTP/1.1" 200 14781
[03/Oct/2026 11:28:56] "GET /api/users/contracts/ HTTP/1.1" 200 14781
[03/Oct/2026 11:28:57] "GET /api/purchases/ HTTP/1.1" 200 8342321
[03/Oct/2026 11:28:57] "GET /api/users/contracts/ HTTP/1.1" 200 14781
[03/Oct/2026 11:29:01] "GET /api/users/notifications/ HTTP/1.1" 200 3432
[03/Oct/2026 11:29:01] "GET /api/commissions/requests/?role=buyer&user_email=halsey%40gmail.com HTTP/1.1" 200 1929
[03/Oct/2026 11:29:01] "GET /api/users/contracts/ HTTP/1.1" 200 14781
[03/Oct/2026 11:29:02] "GET /api/users/contracts/ HTTP/1.1" 200 14781
[03/Oct/2026 11:29:02] "GET /api/users/notifications/ HTTP/1.1" 200 3432
[03/Oct/2026 11:29:02] "GET /api/users/contracts/ HTTP/1.1" 200 14781
[03/Oct/2026 11:29:04] "GET /api/users/notifications/ HTTP/1.1" 200 3432
[03/Oct/2026 11:29:04] "GET /api/commissions/requests/?role=buyer&user_email=halsey%40gmail.com HTTP/1.1" 200 1929
[03/Oct/2026 11:29:06] "GET /api/users/notifications/ HTTP/1.1" 200 3432
[03/Oct/2026 11:29:06] "GET /api/users/contracts/ HTTP/1.1" 200 14781
[03/Oct/2026 11:29:07] "GET /api/commissions/requests/?role=buyer&user_email=halsey%40gmail.com HTTP/1.1" 200 1929
[03/Oct/2026 11:29:07] "GET /api/users/notifications/ HTTP/1.1" 200 3432
[03/Oct/2026 11:29:07] "GET /api/users/contracts/ HTTP/1.1" 200 14781
[03/Oct/2026 11:29:07] "GET /api/purchases/ HTTP/1.1" 200 8342321
[03/Oct/2026 11:29:08] "GET /api/users/contracts/ HTTP/1.1" 200 14781
[03/Oct/2026 11:29:11] "GET /api/users/contracts/ HTTP/1.1" 200 14781
[03/Oct/2026 11:29:12] "GET /api/users/contracts/ HTTP/1.1" 200 14781
[03/Oct/2026 11:29:12] "GET /api/users/contracts/ HTTP/1.1" 200 14781
[03/Oct/2026 11:29:16] "GET /api/users/notifications/ HTTP/1.1" 200 3432
[03/Oct/2026 11:29:16] "GET /api/commissions/requests/?role=buyer&user_email=halsey%40gmail.com HTTP/1.1" 200 1929
[03/Oct/2026 11:29:16] "GET /api/users/contracts/ HTTP/1.1" 200 14781
[03/Oct/2026 11:29:16] "GET /api/users/contracts/ HTTP/1.1" 200 14781
[03/Oct/2026 11:29:17] "GET /api/purchases/ HTTP/1.1" 200 8342321
[03/Oct/2026 11:29:17] "GET /api/users/contracts/ HTTP/1.1" 200 14781
[03/Oct/2026 11:29:19] "GET /api/users/notifications/ HTTP/1.1" 200 3432
[03/Oct/2026 11:29:19] "GET /api/commissions/requests/?role=buyer&user_email=halsey%40gmail.com HTTP/1.1" 200 1929
[03/Oct/2026 11:29:20] "GET /api/users/notifications/ HTTP/1.1" 200 3432
[03/Oct/2026 11:29:21] "GET /api/users/contracts/ HTTP/1.1" 200 14781
[03/Oct/2026 11:29:21] "GET /api/users/notifications/ HTTP/1.1" 200 3432
[03/Oct/2026 11:29:21] "GET /api/commissions/requests/?role=buyer&user_email=halsey%40gmail.com HTTP/1.1" 200 1929
[03/Oct/2026 11:29:21] "GET /api/users/contracts/ HTTP/1.1" 200 14781
[03/Oct/2026 11:29:22] "GET /api/users/contracts/ HTTP/1.1" 200 14781
[03/Oct/2026 11:29:26] "GET /api/users/notifications/ HTTP/1.1" 200 3432
[03/Oct/2026 11:29:26] "GET /auth/me/ HTTP/1.1" 200 361
[03/Oct/2026 11:29:26] "GET /api/users/artworks/ HTTP/1.1" 200 7761663
[03/Oct/2026 11:29:26] "GET /api/users/contracts/ HTTP/1.1" 200 14781
[03/Oct/2026 11:29:26] "GET /api/users/contracts/ HTTP/1.1" 200 14781
[03/Oct/2026 11:29:27] "GET /api/users/contracts/ HTTP/1.1" 200 14781
[03/Oct/2026 11:29:27] "GET /api/users/contracts/ HTTP/1.1" 200 14781
[03/Oct/2026 11:29:31] "GET /api/users/notifications/ HTTP/1.1" 200 3432
[03/Oct/2026 11:29:31] "GET /api/commissions/requests/?role=buyer&user_email=halsey%40gmail.com HTTP/1.1" 200 1929
[03/Oct/2026 11:29:31] "GET /api/users/contracts/ HTTP/1.1" 200 14781
[03/Oct/2026 11:29:31] "GET /api/users/contracts/ HTTP/1.1" 200 14781
[03/Oct/2026 11:29:32] "GET /api/users/contracts/ HTTP/1.1" 200 14781
[03/Oct/2026 11:29:32] "GET /api/users/notifications/ HTTP/1.1" 200 3432
[03/Oct/2026 11:29:32] "GET /api/users/contracts/ HTTP/1.1" 200 14781
[03/Oct/2026 11:29:34] "GET /api/users/notifications/ HTTP/1.1" 200 3432
[03/Oct/2026 11:29:34] "GET /api/commissions/requests/?role=buyer&user_email=halsey%40gmail.com HTTP/1.1" 200 1929
[03/Oct/2026 11:29:36] "GET /api/users/contracts/ HTTP/1.1" 200 14781
[03/Oct/2026 11:29:36] "GET /api/users/contracts/ HTTP/1.1" 200 14781
[03/Oct/2026 11:29:36] "GET /api/users/notifications/ HTTP/1.1" 200 3432
[03/Oct/2026 11:29:36] "GET /api/commissions/requests/?role=buyer&user_email=halsey%40gmail.com HTTP/1.1" 200 1929
[03/Oct/2026 11:29:37] "GET /api/users/notifications/ HTTP/1.1" 200 3432
[03/Oct/2026 11:29:37] "GET /api/users/contracts/ HTTP/1.1" 200 14781
[03/Oct/2026 11:29:37] "GET /api/users/contracts/ HTTP/1.1" 200 14781
[03/Oct/2026 11:29:40] "GET /api/users/artworks/ HTTP/1.1" 200 7761663
[03/Oct/2026 11:29:40] "GET /auth/me/ HTTP/1.1" 200 361
[03/Oct/2026 11:29:41] "GET /api/cart/ HTTP/1.1" 200 3265672
[03/Oct/2026 11:29:41] "GET /api/users/contracts/ HTTP/1.1" 200 14781
[03/Oct/2026 11:29:44] "GET /api/cart/ HTTP/1.1" 200 3265672
[03/Oct/2026 11:29:44] "GET /api/users/contracts/ HTTP/1.1" 200 14781
[03/Oct/2026 11:29:45] "GET /api/users/artworks/27/ HTTP/1.1" 200 77299
[03/Oct/2026 11:29:45] "GET /api/users/artworks/34/ HTTP/1.1" 200 132024
[03/Oct/2026 11:29:45] "GET /api/users/artworks/32/ HTTP/1.1" 200 196820
[03/Oct/2026 11:29:45] "GET /api/users/artworks/29/ HTTP/1.1" 200 34191
[03/Oct/2026 11:29:45] "GET /api/users/artworks/30/ HTTP/1.1" 200 439050
[03/Oct/2026 11:29:45] "GET /api/users/artworks/22/ HTTP/1.1" 200 200568
[03/Oct/2026 11:29:45] "GET /api/users/artworks/23/ HTTP/1.1" 200 57758
[03/Oct/2026 11:29:45] "GET /api/users/artworks/26/ HTTP/1.1" 200 31726
[03/Oct/2026 11:29:45] "GET /api/users/artworks/24/ HTTP/1.1" 200 183201
[03/Oct/2026 11:29:45] "GET /api/users/artworks/28/ HTTP/1.1" 200 2845349
[03/Oct/2026 11:29:45] "GET /api/users/artworks/25/ HTTP/1.1" 200 134336
[03/Oct/2026 11:29:45] "GET /api/users/artworks/18/ HTTP/1.1" 200 90979
[03/Oct/2026 11:29:45] "GET /api/users/artworks/21/ HTTP/1.1" 200 385741
[03/Oct/2026 11:29:45] "GET /api/users/artworks/20/ HTTP/1.1" 200 33297
[03/Oct/2026 11:29:46] "GET /api/users/contracts/ HTTP/1.1" 200 14781
[03/Oct/2026 11:29:49] "GET /api/cart/ HTTP/1.1" 200 3265672
[03/Oct/2026 11:29:49] "GET /api/users/contracts/ HTTP/1.1" 200 14781
[03/Oct/2026 11:29:51] "GET /api/users/contracts/ HTTP/1.1" 200 14781
[03/Oct/2026 11:29:54] "GET /api/cart/ HTTP/1.1" 200 3265672
[03/Oct/2026 11:29:54] "GET /api/users/contracts/ HTTP/1.1" 200 14781
[03/Oct/2026 11:29:56] "GET /api/users/contracts/ HTTP/1.1" 200 14781
[03/Oct/2026 11:29:56] "GET /api/users/contracts/16/sign/ HTTP/1.1" 200 15742
Method Not Allowed: /api/checkout/agreements/16/
[03/Oct/2026 11:29:56] "GET /api/checkout/agreements/16/ HTTP/1.1" 405 40
[03/Oct/2026 11:29:59] "GET /api/cart/ HTTP/1.1" 200 3265672
[03/Oct/2026 11:29:59] "GET /api/users/contracts/ HTTP/1.1" 200 14781
[03/Oct/2026 11:30:01] "GET /api/users/contracts/ HTTP/1.1" 200 14781
[03/Oct/2026 11:30:04] "GET /api/cart/ HTTP/1.1" 200 3265672
[03/Oct/2026 11:30:04] "GET /api/users/contracts/ HTTP/1.1" 200 14781
[03/Oct/2026 11:30:06] "GET /api/users/contracts/ HTTP/1.1" 200 14781
[03/Oct/2026 11:30:09] "GET /api/cart/ HTTP/1.1" 200 3265672
[03/Oct/2026 11:30:09] "GET /api/users/contracts/ HTTP/1.1" 200 14781
[03/Oct/2026 11:30:10] "GET /api/users/notifications/ HTTP/1.1" 200 3432
[03/Oct/2026 11:30:11] "GET /api/users/contracts/ HTTP/1.1" 200 14781
[03/Oct/2026 11:30:14] "GET /api/cart/ HTTP/1.1" 200 3265672
[03/Oct/2026 11:30:14] "GET /api/users/contracts/ HTTP/1.1" 200 14781
[03/Oct/2026 11:30:16] "GET /api/users/contracts/ HTTP/1.1" 200 14781
[03/Oct/2026 11:30:19] "GET /api/cart/ HTTP/1.1" 200 3265672
[03/Oct/2026 11:30:19] "GET /api/users/contracts/ HTTP/1.1" 200 14781
[03/Oct/2026 11:30:21] "GET /api/users/contracts/ HTTP/1.1" 200 14781
[03/Oct/2026 11:30:24] "GET /api/cart/ HTTP/1.1" 200 3265672
[03/Oct/2026 11:30:24] "GET /api/users/contracts/ HTTP/1.1" 200 14781
[03/Oct/2026 11:30:26] "GET /api/users/contracts/ HTTP/1.1" 200 14781
[03/Oct/2026 11:30:29] "GET /api/cart/ HTTP/1.1" 200 3265672
[03/Oct/2026 11:30:29] "GET /api/users/contracts/ HTTP/1.1" 200 14781
[03/Oct/2026 11:30:31] "GET /api/users/contracts/ HTTP/1.1" 200 14781
[03/Oct/2026 11:30:34] "GET /api/cart/ HTTP/1.1" 200 3265672
[03/Oct/2026 11:30:34] "GET /api/users/contracts/ HTTP/1.1" 200 14781
[03/Oct/2026 11:30:36] "GET /api/users/contracts/ HTTP/1.1" 200 14781
[03/Oct/2026 11:30:39] "GET /api/cart/ HTTP/1.1" 200 3265672
[03/Oct/2026 11:30:39] "GET /api/users/contracts/ HTTP/1.1" 200 14781
[03/Oct/2026 11:30:40] "GET /api/users/notifications/ HTTP/1.1" 200 3432
[03/Oct/2026 11:30:41] "GET /api/users/contracts/ HTTP/1.1" 200 14781
[03/Oct/2026 11:30:44] "GET /api/cart/ HTTP/1.1" 200 3265672
[03/Oct/2026 11:30:44] "GET /api/users/contracts/ HTTP/1.1" 200 14781
[03/Oct/2026 11:30:46] "GET /api/users/contracts/ HTTP/1.1" 200 14781
[03/Oct/2026 11:30:50] "GET /api/cart/ HTTP/1.1" 200 3265672
[03/Oct/2026 11:30:50] "GET /api/users/contracts/ HTTP/1.1" 200 14781
[03/Oct/2026 11:30:51] "GET /api/users/contracts/ HTTP/1.1" 200 14781
[03/Oct/2026 11:30:55] "GET /api/cart/ HTTP/1.1" 200 3265672
[03/Oct/2026 11:30:55] "GET /api/users/contracts/ HTTP/1.1" 200 14781
[03/Oct/2026 11:30:56] "GET /api/users/contracts/ HTTP/1.1" 200 14781
[03/Oct/2026 11:30:59] "GET /api/cart/ HTTP/1.1" 200 3265672
[03/Oct/2026 11:30:59] "GET /api/users/contracts/ HTTP/1.1" 200 14781
[03/Oct/2026 11:30:59] "GET /api/users/contracts/16/sign/ HTTP/1.1" 200 15742
Method Not Allowed: /api/checkout/agreements/16/
[03/Oct/2026 11:30:59] "GET /api/checkout/agreements/16/ HTTP/1.1" 405 40
[03/Oct/2026 11:31:01] "GET /api/users/contracts/ HTTP/1.1" 200 14781
[03/Oct/2026 11:31:05] "GET /api/cart/ HTTP/1.1" 200 3265672
[03/Oct/2026 11:31:05] "GET /api/users/contracts/ HTTP/1.1" 200 14781
[03/Oct/2026 11:31:06] "GET /api/users/contracts/ HTTP/1.1" 200 14781
[03/Oct/2026 11:31:10] "GET /api/cart/ HTTP/1.1" 200 3265672
[03/Oct/2026 11:31:10] "GET /api/users/contracts/ HTTP/1.1" 200 14781
[03/Oct/2026 11:31:11] "GET /api/users/notifications/ HTTP/1.1" 200 3432
[03/Oct/2026 11:31:11] "GET /api/users/contracts/ HTTP/1.1" 200 14781
[03/Oct/2026 11:31:14] "GET /api/cart/ HTTP/1.1" 200 3265672
[03/Oct/2026 11:31:14] "GET /api/users/contracts/ HTTP/1.1" 200 14781
[03/Oct/2026 11:31:16] "GET /api/users/contracts/ HTTP/1.1" 200 14781
[03/Oct/2026 11:31:19] "OPTIONS /api/cart/ HTTP/1.1" 200 0
[03/Oct/2026 11:31:19] "OPTIONS /api/users/contracts/ HTTP/1.1" 200 0
[03/Oct/2026 11:31:19] "GET /api/cart/ HTTP/1.1" 200 3265672
[03/Oct/2026 11:31:20] "GET /api/users/contracts/ HTTP/1.1" 200 14781
[03/Oct/2026 11:31:20] "OPTIONS /api/users/contracts/ HTTP/1.1" 200 0
[03/Oct/2026 11:31:21] "GET /api/users/contracts/ HTTP/1.1" 200 14781
[03/Oct/2026 11:31:24] "OPTIONS /api/cart/ HTTP/1.1" 200 0
[03/Oct/2026 11:31:24] "OPTIONS /api/users/contracts/ HTTP/1.1" 200 0
[03/Oct/2026 11:31:24] "GET /api/cart/ HTTP/1.1" 200 3265672
[03/Oct/2026 11:31:24] "GET /api/users/contracts/ HTTP/1.1" 200 14781
[03/Oct/2026 11:31:25] "OPTIONS /api/users/contracts/ HTTP/1.1" 200 0
[03/Oct/2026 11:31:26] "GET /api/users/contracts/ HTTP/1.1" 200 14781
[03/Oct/2026 11:31:29] "OPTIONS /api/cart/ HTTP/1.1" 200 0
[03/Oct/2026 11:31:29] "OPTIONS /api/users/contracts/ HTTP/1.1" 200 0
[03/Oct/2026 11:31:29] "GET /api/cart/ HTTP/1.1" 200 3265672
[03/Oct/2026 11:31:29] "GET /api/users/contracts/ HTTP/1.1" 200 14781
[03/Oct/2026 11:31:30] "OPTIONS /api/users/contracts/ HTTP/1.1" 200 0
[03/Oct/2026 11:31:31] "GET /api/users/contracts/ HTTP/1.1" 200 14781
[03/Oct/2026 11:31:34] "OPTIONS /api/users/contracts/ HTTP/1.1" 200 0
[03/Oct/2026 11:31:34] "OPTIONS /api/cart/ HTTP/1.1" 200 0
[03/Oct/2026 11:31:34] "GET /api/cart/ HTTP/1.1" 200 3265672
[03/Oct/2026 11:31:34] "GET /api/users/contracts/ HTTP/1.1" 200 14781
[03/Oct/2026 11:31:35] "OPTIONS /api/users/contracts/ HTTP/1.1" 200 0
[03/Oct/2026 11:31:36] "GET /api/users/contracts/ HTTP/1.1" 200 14781
[03/Oct/2026 11:31:39] "OPTIONS /api/users/contracts/ HTTP/1.1" 200 0
[03/Oct/2026 11:31:39] "OPTIONS /api/cart/ HTTP/1.1" 200 0
[03/Oct/2026 11:31:39] "GET /api/cart/ HTTP/1.1" 200 3265672
[03/Oct/2026 11:31:39] "GET /api/users/contracts/ HTTP/1.1" 200 14781
[03/Oct/2026 11:31:40] "OPTIONS /api/users/notifications/ HTTP/1.1" 200 0
[03/Oct/2026 11:31:40] "GET /api/users/notifications/ HTTP/1.1" 200 3432
[03/Oct/2026 11:31:40] "OPTIONS /api/users/contracts/ HTTP/1.1" 200 0
[03/Oct/2026 11:31:41] "GET /api/users/contracts/ HTTP/1.1" 200 14781
[03/Oct/2026 11:31:44] "OPTIONS /api/users/contracts/ HTTP/1.1" 200 0
[03/Oct/2026 11:31:44] "OPTIONS /api/cart/ HTTP/1.1" 200 0
[03/Oct/2026 11:31:44] "GET /api/cart/ HTTP/1.1" 200 3265672
[03/Oct/2026 11:31:44] "GET /api/users/contracts/ HTTP/1.1" 200 14781
[03/Oct/2026 11:31:45] "OPTIONS /api/users/contracts/ HTTP/1.1" 200 0
[03/Oct/2026 11:31:46] "GET /api/users/contracts/ HTTP/1.1" 200 14781
[03/Oct/2026 11:31:49] "OPTIONS /api/cart/ HTTP/1.1" 200 0
[03/Oct/2026 11:31:49] "OPTIONS /api/users/contracts/ HTTP/1.1" 200 0
[03/Oct/2026 11:31:49] "GET /api/cart/ HTTP/1.1" 200 3265672
[03/Oct/2026 11:31:49] "GET /api/users/contracts/ HTTP/1.1" 200 14781
[03/Oct/2026 11:31:50] "OPTIONS /api/users/contracts/ HTTP/1.1" 200 0
[03/Oct/2026 11:31:51] "GET /api/users/contracts/ HTTP/1.1" 200 14781
[03/Oct/2026 11:31:54] "OPTIONS /api/users/contracts/ HTTP/1.1" 200 0
[03/Oct/2026 11:31:54] "OPTIONS /api/cart/ HTTP/1.1" 200 0
[03/Oct/2026 11:31:54] "GET /api/cart/ HTTP/1.1" 200 3265672
[03/Oct/2026 11:31:54] "GET /api/users/contracts/ HTTP/1.1" 200 14781
[03/Oct/2026 11:31:55] "OPTIONS /api/users/contracts/ HTTP/1.1" 200 0
[03/Oct/2026 11:31:56] "GET /api/users/contracts/ HTTP/1.1" 200 14781
[03/Oct/2026 11:31:59] "OPTIONS /api/cart/ HTTP/1.1" 200 0
[03/Oct/2026 11:31:59] "OPTIONS /api/users/contracts/ HTTP/1.1" 200 0
[03/Oct/2026 11:31:59] "GET /api/cart/ HTTP/1.1" 200 3265672
[03/Oct/2026 11:31:59] "GET /api/users/contracts/ HTTP/1.1" 200 14781
[03/Oct/2026 11:32:00] "OPTIONS /api/users/contracts/ HTTP/1.1" 200 0
[03/Oct/2026 11:32:01] "GET /api/users/contracts/ HTTP/1.1" 200 14781
[03/Oct/2026 11:32:04] "OPTIONS /api/cart/ HTTP/1.1" 200 0
[03/Oct/2026 11:32:04] "OPTIONS /api/users/contracts/ HTTP/1.1" 200 0
[03/Oct/2026 11:32:04] "GET /api/cart/ HTTP/1.1" 200 3265672
[03/Oct/2026 11:32:04] "GET /api/users/contracts/ HTTP/1.1" 200 14781
[03/Oct/2026 11:32:05] "OPTIONS /api/users/contracts/ HTTP/1.1" 200 0
[03/Oct/2026 11:32:06] "GET /api/users/contracts/ HTTP/1.1" 200 14781
Method Not Allowed: /api/checkout/agreements/1/
[03/Oct/2026 11:32:07] "GET /api/checkout/agreements/1/ HTTP/1.1" 405 40
[03/Oct/2026 11:32:09] "OPTIONS /api/cart/ HTTP/1.1" 200 0
[03/Oct/2026 11:32:09] "OPTIONS /api/users/contracts/ HTTP/1.1" 200 0
[03/Oct/2026 11:32:09] "GET /api/users/contracts/ HTTP/1.1" 200 14781
[03/Oct/2026 11:32:09] "GET /api/cart/ HTTP/1.1" 200 3265672
[03/Oct/2026 11:32:10] "OPTIONS /api/users/notifications/ HTTP/1.1" 200 0
[03/Oct/2026 11:32:10] "GET /api/users/notifications/ HTTP/1.1" 200 3432
[03/Oct/2026 11:32:10] "OPTIONS /api/users/contracts/ HTTP/1.1" 200 0
[03/Oct/2026 11:32:11] "GET /api/users/contracts/ HTTP/1.1" 200 14781
[03/Oct/2026 11:32:14] "OPTIONS /api/users/contracts/ HTTP/1.1" 200 0
[03/Oct/2026 11:32:14] "OPTIONS /api/cart/ HTTP/1.1" 200 0
[03/Oct/2026 11:32:14] "GET /api/cart/ HTTP/1.1" 200 3265672
[03/Oct/2026 11:32:14] "GET /api/users/contracts/ HTTP/1.1" 200 14781
[03/Oct/2026 11:32:15] "OPTIONS /api/users/contracts/ HTTP/1.1" 200 0
[03/Oct/2026 11:32:16] "GET /api/users/contracts/ HTTP/1.1" 200 14781
[03/Oct/2026 11:32:19] "OPTIONS /api/cart/ HTTP/1.1" 200 0
[03/Oct/2026 11:32:19] "OPTIONS /api/users/contracts/ HTTP/1.1" 200 0
[03/Oct/2026 11:32:19] "GET /api/cart/ HTTP/1.1" 200 3265672
[03/Oct/2026 11:32:19] "GET /api/users/contracts/ HTTP/1.1" 200 14781
[03/Oct/2026 11:32:20] "OPTIONS /api/users/contracts/ HTTP/1.1" 200 0
[03/Oct/2026 11:32:21] "GET /api/users/contracts/ HTTP/1.1" 200 14781
[03/Oct/2026 11:32:24] "OPTIONS /api/users/contracts/ HTTP/1.1" 200 0
[03/Oct/2026 11:32:24] "OPTIONS /api/cart/ HTTP/1.1" 200 0
[03/Oct/2026 11:32:24] "GET /api/cart/ HTTP/1.1" 200 3265672
[03/Oct/2026 11:32:24] "GET /api/users/contracts/ HTTP/1.1" 200 14781
[03/Oct/2026 11:32:25] "OPTIONS /api/users/contracts/ HTTP/1.1" 200 0
[03/Oct/2026 11:32:26] "GET /api/users/contracts/ HTTP/1.1" 200 14781
[03/Oct/2026 11:32:29] "OPTIONS /api/users/contracts/ HTTP/1.1" 200 0
[03/Oct/2026 11:32:29] "OPTIONS /api/cart/ HTTP/1.1" 200 0
[03/Oct/2026 11:32:29] "GET /api/cart/ HTTP/1.1" 200 3265672
[03/Oct/2026 11:32:29] "GET /api/users/contracts/ HTTP/1.1" 200 14781
[03/Oct/2026 11:32:30] "OPTIONS /api/users/contracts/ HTTP/1.1" 200 0
[03/Oct/2026 11:32:31] "GET /api/users/contracts/ HTTP/1.1" 200 14781
[03/Oct/2026 11:32:34] "OPTIONS /api/users/contracts/ HTTP/1.1" 200 0
[03/Oct/2026 11:32:34] "OPTIONS /api/cart/ HTTP/1.1" 200 0
[03/Oct/2026 11:32:34] "GET /api/cart/ HTTP/1.1" 200 3265672
[03/Oct/2026 11:32:34] "GET /api/users/contracts/ HTTP/1.1" 200 14781
[03/Oct/2026 11:32:35] "OPTIONS /api/users/contracts/ HTTP/1.1" 200 0
[03/Oct/2026 11:32:36] "GET /api/users/contracts/ HTTP/1.1" 200 14781
[03/Oct/2026 11:32:39] "OPTIONS /api/users/contracts/ HTTP/1.1" 200 0
[03/Oct/2026 11:32:39] "OPTIONS /api/cart/ HTTP/1.1" 200 0
[03/Oct/2026 11:32:39] "GET /api/cart/ HTTP/1.1" 200 3265672
[03/Oct/2026 11:32:39] "GET /api/users/contracts/ HTTP/1.1" 200 14781
[03/Oct/2026 11:32:40] "OPTIONS /api/users/notifications/ HTTP/1.1" 200 0
[03/Oct/2026 11:32:40] "GET /api/users/notifications/ HTTP/1.1" 200 3432
[03/Oct/2026 11:32:40] "OPTIONS /api/users/contracts/ HTTP/1.1" 200 0
[03/Oct/2026 11:32:41] "GET /api/users/contracts/ HTTP/1.1" 200 14781
[03/Oct/2026 11:32:44] "OPTIONS /api/cart/ HTTP/1.1" 200 0
[03/Oct/2026 11:32:44] "OPTIONS /api/users/contracts/ HTTP/1.1" 200 0
[03/Oct/2026 11:32:44] "GET /api/cart/ HTTP/1.1" 200 3265672
[03/Oct/2026 11:32:44] "GET /api/users/contracts/ HTTP/1.1" 200 14781
[03/Oct/2026 11:32:45] "OPTIONS /api/users/contracts/ HTTP/1.1" 200 0
[03/Oct/2026 11:32:46] "GET /api/users/contracts/ HTTP/1.1" 200 14781
[03/Oct/2026 11:32:49] "OPTIONS /api/cart/ HTTP/1.1" 200 0
[03/Oct/2026 11:32:49] "OPTIONS /api/users/contracts/ HTTP/1.1" 200 0
[03/Oct/2026 11:32:49] "GET /api/cart/ HTTP/1.1" 200 3265672
[03/Oct/2026 11:32:49] "GET /api/users/contracts/ HTTP/1.1" 200 14781
[03/Oct/2026 11:32:50] "OPTIONS /api/users/contracts/ HTTP/1.1" 200 0
Method Not Allowed: /api/checkout/agreements/16/
[03/Oct/2026 11:32:50] "GET /api/checkout/agreements/16/ HTTP/1.1" 405 40
[03/Oct/2026 11:32:51] "GET /api/users/contracts/ HTTP/1.1" 200 14781
[03/Oct/2026 11:32:54] "OPTIONS /api/cart/ HTTP/1.1" 200 0
[03/Oct/2026 11:32:54] "OPTIONS /api/users/contracts/ HTTP/1.1" 200 0
[03/Oct/2026 11:32:54] "GET /api/cart/ HTTP/1.1" 200 3265672
[03/Oct/2026 11:32:54] "GET /api/users/contracts/ HTTP/1.1" 200 14781
[03/Oct/2026 11:32:55] "OPTIONS /api/users/contracts/ HTTP/1.1" 200 0
[03/Oct/2026 11:32:56] "GET /api/users/contracts/ HTTP/1.1" 200 14781
[03/Oct/2026 11:32:59] "OPTIONS /api/cart/ HTTP/1.1" 200 0
[03/Oct/2026 11:32:59] "OPTIONS /api/users/contracts/ HTTP/1.1" 200 0
[03/Oct/2026 11:32:59] "GET /api/cart/ HTTP/1.1" 200 3265672
[03/Oct/2026 11:32:59] "GET /api/users/contracts/ HTTP/1.1" 200 14781
[03/Oct/2026 11:33:00] "OPTIONS /api/users/contracts/ HTTP/1.1" 200 0
[03/Oct/2026 11:33:01] "GET /api/users/contracts/ HTTP/1.1" 200 14781
[03/Oct/2026 11:33:04] "OPTIONS /api/users/contracts/ HTTP/1.1" 200 0
[03/Oct/2026 11:33:04] "OPTIONS /api/cart/ HTTP/1.1" 200 0
[03/Oct/2026 11:33:04] "GET /api/cart/ HTTP/1.1" 200 3265672
[03/Oct/2026 11:33:04] "GET /api/users/contracts/ HTTP/1.1" 200 14781
[03/Oct/2026 11:33:05] "OPTIONS /api/users/contracts/ HTTP/1.1" 200 0
[03/Oct/2026 11:33:06] "GET /api/users/contracts/ HTTP/1.1" 200 14781
[03/Oct/2026 11:33:09] "OPTIONS /api/users/contracts/ HTTP/1.1" 200 0
[03/Oct/2026 11:33:09] "OPTIONS /api/cart/ HTTP/1.1" 200 0
[03/Oct/2026 11:33:09] "GET /api/cart/ HTTP/1.1" 200 3265672
[03/Oct/2026 11:33:09] "GET /api/users/contracts/ HTTP/1.1" 200 14781
Method Not Allowed: /api/checkout/agreements/16/
[03/Oct/2026 11:33:10] "GET /api/checkout/agreements/16/ HTTP/1.1" 405 40
[03/Oct/2026 11:33:10] "OPTIONS /api/users/notifications/ HTTP/1.1" 200 0
[03/Oct/2026 11:33:10] "GET /api/users/notifications/ HTTP/1.1" 200 3432
[03/Oct/2026 11:33:10] "OPTIONS /api/users/contracts/ HTTP/1.1" 200 0
[03/Oct/2026 11:33:11] "GET /api/users/contracts/ HTTP/1.1" 200 14781
Not Found: /api/checkout/agreements/16/delivery/
[03/Oct/2026 11:33:12] "POST /api/checkout/agreements/16/delivery/ HTTP/1.1" 404 14286
[03/Oct/2026 11:33:14] "OPTIONS /api/users/contracts/ HTTP/1.1" 200 0
[03/Oct/2026 11:33:14] "OPTIONS /api/cart/ HTTP/1.1" 200 0
[03/Oct/2026 11:33:14] "GET /api/cart/ HTTP/1.1" 200 3265672
[03/Oct/2026 11:33:14] "GET /api/users/contracts/ HTTP/1.1" 200 14781
[03/Oct/2026 11:33:15] "OPTIONS /api/users/contracts/ HTTP/1.1" 200 0
[03/Oct/2026 11:33:16] "GET /api/users/contracts/ HTTP/1.1" 200 14781
[03/Oct/2026 11:33:19] "OPTIONS /api/cart/ HTTP/1.1" 200 0
[03/Oct/2026 11:33:19] "OPTIONS /api/users/contracts/ HTTP/1.1" 200 0
[03/Oct/2026 11:33:19] "GET /api/cart/ HTTP/1.1" 200 3265672
[03/Oct/2026 11:33:19] "GET /api/users/contracts/ HTTP/1.1" 200 14781
[03/Oct/2026 11:33:20] "OPTIONS /api/users/contracts/ HTTP/1.1" 200 0
[03/Oct/2026 11:33:21] "GET /api/users/contracts/ HTTP/1.1" 200 14781
[03/Oct/2026 11:33:24] "OPTIONS /api/users/contracts/ HTTP/1.1" 200 0
[03/Oct/2026 11:33:24] "OPTIONS /api/cart/ HTTP/1.1" 200 0
[03/Oct/2026 11:33:24] "GET /api/cart/ HTTP/1.1" 200 3265672
[03/Oct/2026 11:33:24] "GET /api/users/contracts/ HTTP/1.1" 200 14781
[03/Oct/2026 11:33:25] "OPTIONS /api/users/contracts/ HTTP/1.1" 200 0
[03/Oct/2026 11:33:26] "GET /api/users/contracts/ HTTP/1.1" 200 14781
